Added Component: Designator=C1(CAP_0603)
Add component (AddParameter): Name = "Dielectric"; Value = ""; VariantName = "[No Variations]"
Add component (AddParameter): Name = "Distributor Link"; Value = ""; VariantName = "[No Variations]"
Add component (AddParameter): Name = "LCSC"; Value = ""; VariantName = "[No Variations]"
Add component (AddParameter): Name = "Manufacturer"; Value = ""; VariantName = "[No Variations]"
Add component (AddParameter): Name = "Manufacturer Part Number"; Value = ""; VariantName = "[No Variations]"
Add component (AddParameter): Name = "Rating"; Value = ""; VariantName = "[No Variations]"
Added Component: Designator=C2(CAP_0603)
Add component (AddParameter): Name = "Dielectric"; Value = ""; VariantName = "[No Variations]"
Add component (AddParameter): Name = "Distributor Link"; Value = ""; VariantName = "[No Variations]"
Add component (AddParameter): Name = "LCSC"; Value = ""; VariantName = "[No Variations]"
Add component (AddParameter): Name = "Manufacturer"; Value = ""; VariantName = "[No Variations]"
Add component (AddParameter): Name = "Manufacturer Part Number"; Value = ""; VariantName = "[No Variations]"
Add component (AddParameter): Name = "Rating"; Value = ""; VariantName = "[No Variations]"
Added Component: Designator=C3(CAP_0603)
Add component (AddParameter): Name = "Dielectric"; Value = ""; VariantName = "[No Variations]"
Add component (AddParameter): Name = "Distributor Link"; Value = ""; VariantName = "[No Variations]"
Add component (AddParameter): Name = "LCSC"; Value = ""; VariantName = "[No Variations]"
Add component (AddParameter): Name = "Manufacturer"; Value = ""; VariantName = "[No Variations]"
Add component (AddParameter): Name = "Manufacturer Part Number"; Value = ""; VariantName = "[No Variations]"
Add component (AddParameter): Name = "Rating"; Value = ""; VariantName = "[No Variations]"
Added Component: Designator=C4(CAP_0603)
Add component (AddParameter): Name = "Dielectric"; Value = ""; VariantName = "[No Variations]"
Add component (AddParameter): Name = "Distributor Link"; Value = ""; VariantName = "[No Variations]"
Add component (AddParameter): Name = "LCSC"; Value = ""; VariantName = "[No Variations]"
Add component (AddParameter): Name = "Manufacturer"; Value = ""; VariantName = "[No Variations]"
Add component (AddParameter): Name = "Manufacturer Part Number"; Value = ""; VariantName = "[No Variations]"
Add component (AddParameter): Name = "Rating"; Value = ""; VariantName = "[No Variations]"
Added Component: Designator=C5(CAP_0603)
Add component (AddParameter): Name = "Dielectric"; Value = ""; VariantName = "[No Variations]"
Add component (AddParameter): Name = "Distributor Link"; Value = ""; VariantName = "[No Variations]"
Add component (AddParameter): Name = "LCSC"; Value = ""; VariantName = "[No Variations]"
Add component (AddParameter): Name = "Manufacturer"; Value = ""; VariantName = "[No Variations]"
Add component (AddParameter): Name = "Manufacturer Part Number"; Value = ""; VariantName = "[No Variations]"
Add component (AddParameter): Name = "Rating"; Value = ""; VariantName = "[No Variations]"
Added Component: Designator=C6(CAP_0603)
Add component (AddParameter): Name = "Dielectric"; Value = ""; VariantName = "[No Variations]"
Add component (AddParameter): Name = "Distributor Link"; Value = ""; VariantName = "[No Variations]"
Add component (AddParameter): Name = "LCSC"; Value = ""; VariantName = "[No Variations]"
Add component (AddParameter): Name = "Manufacturer"; Value = ""; VariantName = "[No Variations]"
Add component (AddParameter): Name = "Manufacturer Part Number"; Value = ""; VariantName = "[No Variations]"
Add component (AddParameter): Name = "Rating"; Value = ""; VariantName = "[No Variations]"
Added Component: Designator=C7(CAP_0603)
Add component (AddParameter): Name = "Dielectric"; Value = ""; VariantName = "[No Variations]"
Add component (AddParameter): Name = "Distributor Link"; Value = ""; VariantName = "[No Variations]"
Add component (AddParameter): Name = "LCSC"; Value = ""; VariantName = "[No Variations]"
Add component (AddParameter): Name = "Manufacturer"; Value = ""; VariantName = "[No Variations]"
Add component (AddParameter): Name = "Manufacturer Part Number"; Value = ""; VariantName = "[No Variations]"
Add component (AddParameter): Name = "Rating"; Value = ""; VariantName = "[No Variations]"
Added Component: Designator=C8(CAP_0603)
Add component (AddParameter): Name = "Dielectric"; Value = ""; VariantName = "[No Variations]"
Add component (AddParameter): Name = "Distributor Link"; Value = ""; VariantName = "[No Variations]"
Add component (AddParameter): Name = "LCSC"; Value = ""; VariantName = "[No Variations]"
Add component (AddParameter): Name = "Manufacturer"; Value = ""; VariantName = "[No Variations]"
Add component (AddParameter): Name = "Manufacturer Part Number"; Value = ""; VariantName = "[No Variations]"
Add component (AddParameter): Name = "Rating"; Value = ""; VariantName = "[No Variations]"
Added Component: Designator=C9(CAP_0603)
Add component (AddParameter): Name = "Dielectric"; Value = ""; VariantName = "[No Variations]"
Add component (AddParameter): Name = "Distributor Link"; Value = ""; VariantName = "[No Variations]"
Add component (AddParameter): Name = "LCSC"; Value = ""; VariantName = "[No Variations]"
Add component (AddParameter): Name = "Manufacturer"; Value = ""; VariantName = "[No Variations]"
Add component (AddParameter): Name = "Manufacturer Part Number"; Value = ""; VariantName = "[No Variations]"
Add component (AddParameter): Name = "Rating"; Value = ""; VariantName = "[No Variations]"
Added Component: Designator=C10(CAP_0603)
Add component (AddParameter): Name = "Dielectric"; Value = ""; VariantName = "[No Variations]"
Add component (AddParameter): Name = "Distributor Link"; Value = ""; VariantName = "[No Variations]"
Add component (AddParameter): Name = "LCSC"; Value = ""; VariantName = "[No Variations]"
Add component (AddParameter): Name = "Manufacturer"; Value = ""; VariantName = "[No Variations]"
Add component (AddParameter): Name = "Manufacturer Part Number"; Value = ""; VariantName = "[No Variations]"
Add component (AddParameter): Name = "Rating"; Value = ""; VariantName = "[No Variations]"
Added Component: Designator=C11(CAP_0805)
Add component (AddParameter): Name = "Dielectric"; Value = ""; VariantName = "[No Variations]"
Add component (AddParameter): Name = "Distributor Link"; Value = ""; VariantName = "[No Variations]"
Add component (AddParameter): Name = "LCSC"; Value = ""; VariantName = "[No Variations]"
Add component (AddParameter): Name = "Manufacturer"; Value = ""; VariantName = "[No Variations]"
Add component (AddParameter): Name = "Manufacturer Part Number"; Value = ""; VariantName = "[No Variations]"
Add component (AddParameter): Name = "Rating"; Value = ""; VariantName = "[No Variations]"
Added Component: Designator=C12(CAP_0603)
Add component (AddParameter): Name = "Dielectric"; Value = ""; VariantName = "[No Variations]"
Add component (AddParameter): Name = "Distributor Link"; Value = ""; VariantName = "[No Variations]"
Add component (AddParameter): Name = "LCSC"; Value = ""; VariantName = "[No Variations]"
Add component (AddParameter): Name = "Manufacturer"; Value = ""; VariantName = "[No Variations]"
Add component (AddParameter): Name = "Manufacturer Part Number"; Value = ""; VariantName = "[No Variations]"
Add component (AddParameter): Name = "Rating"; Value = ""; VariantName = "[No Variations]"
Added Component: Designator=C13(CAP_1206)
Add component (AddParameter): Name = "Dielectric"; Value = ""; VariantName = "[No Variations]"
Add component (AddParameter): Name = "Distributor Link"; Value = ""; VariantName = "[No Variations]"
Add component (AddParameter): Name = "LCSC"; Value = ""; VariantName = "[No Variations]"
Add component (AddParameter): Name = "Manufacturer"; Value = ""; VariantName = "[No Variations]"
Add component (AddParameter): Name = "Manufacturer Part Number"; Value = ""; VariantName = "[No Variations]"
Add component (AddParameter): Name = "Rating"; Value = ""; VariantName = "[No Variations]"
Added Component: Designator=C14(CAP_0805)
Add component (AddParameter): Name = "Dielectric"; Value = ""; VariantName = "[No Variations]"
Add component (AddParameter): Name = "Distributor Link"; Value = ""; VariantName = "[No Variations]"
Add component (AddParameter): Name = "LCSC"; Value = ""; VariantName = "[No Variations]"
Add component (AddParameter): Name = "Manufacturer"; Value = ""; VariantName = "[No Variations]"
Add component (AddParameter): Name = "Manufacturer Part Number"; Value = ""; VariantName = "[No Variations]"
Add component (AddParameter): Name = "Rating"; Value = ""; VariantName = "[No Variations]"
Added Component: Designator=C15(CAP_0805)
Add component (AddParameter): Name = "Dielectric"; Value = ""; VariantName = "[No Variations]"
Add component (AddParameter): Name = "Distributor Link"; Value = ""; VariantName = "[No Variations]"
Add component (AddParameter): Name = "LCSC"; Value = ""; VariantName = "[No Variations]"
Add component (AddParameter): Name = "Manufacturer"; Value = ""; VariantName = "[No Variations]"
Add component (AddParameter): Name = "Manufacturer Part Number"; Value = ""; VariantName = "[No Variations]"
Add component (AddParameter): Name = "Rating"; Value = ""; VariantName = "[No Variations]"
Added Component: Designator=C16(CAP_0603)
Add component (AddParameter): Name = "Dielectric"; Value = ""; VariantName = "[No Variations]"
Add component (AddParameter): Name = "Distributor Link"; Value = ""; VariantName = "[No Variations]"
Add component (AddParameter): Name = "LCSC"; Value = ""; VariantName = "[No Variations]"
Add component (AddParameter): Name = "Manufacturer"; Value = ""; VariantName = "[No Variations]"
Add component (AddParameter): Name = "Manufacturer Part Number"; Value = ""; VariantName = "[No Variations]"
Add component (AddParameter): Name = "Rating"; Value = ""; VariantName = "[No Variations]"
Added Component: Designator=C17(WCAP-ASLI_D6.3H5.5)
Add component (AddParameter): Name = "Capacitance"; Value = "47µF"; VariantName = "[No Variations]"
Add component (AddParameter): Name = "Case/Package"; Value = "Radial"; VariantName = "[No Variations]"
Add component (AddParameter): Name = "Diameter"; Value = "6.3mm"; VariantName = "[No Variations]"
Add component (AddParameter): Name = "ESR (Equivalent Series Resistance)"; Value = "397.678mO"; VariantName = "[No Variations]"
Add component (AddParameter): Name = "Height"; Value = "5.5mm"; VariantName = "[No Variations]"
Add component (AddParameter): Name = "Height - Seated (Max)"; Value = "5.5118mm"; VariantName = "[No Variations]"
Add component (AddParameter): Name = "Impedance"; Value = "560mO"; VariantName = "[No Variations]"
Add component (AddParameter): Name = "Insulation Resistance"; Value = "2.12766MO"; VariantName = "[No Variations]"
Add component (AddParameter): Name = "Leakage Current"; Value = "11.75µA"; VariantName = "[No Variations]"
Add component (AddParameter): Name = "Length"; Value = "5.5mm"; VariantName = "[No Variations]"
Add component (AddParameter): Name = "Life (Hours)"; Value = "2000hours"; VariantName = "[No Variations]"
Add component (AddParameter): Name = "Max Operating Temperature"; Value = "105°C"; VariantName = "[No Variations]"
Add component (AddParameter): Name = "Min Operating Temperature"; Value = "-55°C"; VariantName = "[No Variations]"
Add component (AddParameter): Name = "Mount"; Value = "Surface Mount"; VariantName = "[No Variations]"
Add component (AddParameter): Name = "Polarity"; Value = "Polar"; VariantName = "[No Variations]"
Add component (AddParameter): Name = "REACH SVHC"; Value = "Unknown"; VariantName = "[No Variations]"
Add component (AddParameter): Name = "Ripple Current"; Value = "220mA"; VariantName = "[No Variations]"
Add component (AddParameter): Name = "Ripple Current (AC)"; Value = "220mA"; VariantName = "[No Variations]"
Add component (AddParameter): Name = "RoHS"; Value = "Compliant"; VariantName = "[No Variations]"
Add component (AddParameter): Name = "Tolerance"; Value = "20%"; VariantName = "[No Variations]"
Add component (AddParameter): Name = "Voltage Rating"; Value = "25V"; VariantName = "[No Variations]"
Add component (AddParameter): Name = "Voltage Rating (DC)"; Value = "25V"; VariantName = "[No Variations]"
Add component (AddParameter): Name = "Width"; Value = "6.6mm"; VariantName = "[No Variations]"
Added Component: Designator=C18(WCAP-ASLI_D6.3H5.5)
Add component (AddParameter): Name = "Capacitance"; Value = "47µF"; VariantName = "[No Variations]"
Add component (AddParameter): Name = "Case/Package"; Value = "Radial"; VariantName = "[No Variations]"
Add component (AddParameter): Name = "Diameter"; Value = "6.3mm"; VariantName = "[No Variations]"
Add component (AddParameter): Name = "ESR (Equivalent Series Resistance)"; Value = "397.678mO"; VariantName = "[No Variations]"
Add component (AddParameter): Name = "Height"; Value = "5.5mm"; VariantName = "[No Variations]"
Add component (AddParameter): Name = "Height - Seated (Max)"; Value = "5.5118mm"; VariantName = "[No Variations]"
Add component (AddParameter): Name = "Impedance"; Value = "560mO"; VariantName = "[No Variations]"
Add component (AddParameter): Name = "Insulation Resistance"; Value = "2.12766MO"; VariantName = "[No Variations]"
Add component (AddParameter): Name = "Leakage Current"; Value = "11.75µA"; VariantName = "[No Variations]"
Add component (AddParameter): Name = "Length"; Value = "5.5mm"; VariantName = "[No Variations]"
Add component (AddParameter): Name = "Life (Hours)"; Value = "2000hours"; VariantName = "[No Variations]"
Add component (AddParameter): Name = "Max Operating Temperature"; Value = "105°C"; VariantName = "[No Variations]"
Add component (AddParameter): Name = "Min Operating Temperature"; Value = "-55°C"; VariantName = "[No Variations]"
Add component (AddParameter): Name = "Mount"; Value = "Surface Mount"; VariantName = "[No Variations]"
Add component (AddParameter): Name = "Polarity"; Value = "Polar"; VariantName = "[No Variations]"
Add component (AddParameter): Name = "REACH SVHC"; Value = "Unknown"; VariantName = "[No Variations]"
Add component (AddParameter): Name = "Ripple Current"; Value = "220mA"; VariantName = "[No Variations]"
Add component (AddParameter): Name = "Ripple Current (AC)"; Value = "220mA"; VariantName = "[No Variations]"
Add component (AddParameter): Name = "RoHS"; Value = "Compliant"; VariantName = "[No Variations]"
Add component (AddParameter): Name = "Tolerance"; Value = "20%"; VariantName = "[No Variations]"
Add component (AddParameter): Name = "Voltage Rating"; Value = "25V"; VariantName = "[No Variations]"
Add component (AddParameter): Name = "Voltage Rating (DC)"; Value = "25V"; VariantName = "[No Variations]"
Add component (AddParameter): Name = "Width"; Value = "6.6mm"; VariantName = "[No Variations]"
Added Component: Designator=C19(CAP_0603)
Add component (AddParameter): Name = "Dielectric"; Value = ""; VariantName = "[No Variations]"
Add component (AddParameter): Name = "Distributor Link"; Value = ""; VariantName = "[No Variations]"
Add component (AddParameter): Name = "LCSC"; Value = ""; VariantName = "[No Variations]"
Add component (AddParameter): Name = "Manufacturer"; Value = ""; VariantName = "[No Variations]"
Add component (AddParameter): Name = "Manufacturer Part Number"; Value = ""; VariantName = "[No Variations]"
Add component (AddParameter): Name = "Rating"; Value = ""; VariantName = "[No Variations]"
Added Component: Designator=C20(CAP_0603)
Add component (AddParameter): Name = "Dielectric"; Value = ""; VariantName = "[No Variations]"
Add component (AddParameter): Name = "Distributor Link"; Value = ""; VariantName = "[No Variations]"
Add component (AddParameter): Name = "LCSC"; Value = ""; VariantName = "[No Variations]"
Add component (AddParameter): Name = "Manufacturer"; Value = ""; VariantName = "[No Variations]"
Add component (AddParameter): Name = "Manufacturer Part Number"; Value = ""; VariantName = "[No Variations]"
Add component (AddParameter): Name = "Rating"; Value = ""; VariantName = "[No Variations]"
Added Component: Designator=C21(CAP_0603)
Add component (AddParameter): Name = "Dielectric"; Value = ""; VariantName = "[No Variations]"
Add component (AddParameter): Name = "Distributor Link"; Value = ""; VariantName = "[No Variations]"
Add component (AddParameter): Name = "LCSC"; Value = ""; VariantName = "[No Variations]"
Add component (AddParameter): Name = "Manufacturer"; Value = ""; VariantName = "[No Variations]"
Add component (AddParameter): Name = "Manufacturer Part Number"; Value = ""; VariantName = "[No Variations]"
Add component (AddParameter): Name = "Rating"; Value = ""; VariantName = "[No Variations]"
Added Component: Designator=C22(CAP_0603)
Add component (AddParameter): Name = "Dielectric"; Value = ""; VariantName = "[No Variations]"
Add component (AddParameter): Name = "Distributor Link"; Value = ""; VariantName = "[No Variations]"
Add component (AddParameter): Name = "LCSC"; Value = ""; VariantName = "[No Variations]"
Add component (AddParameter): Name = "Manufacturer"; Value = ""; VariantName = "[No Variations]"
Add component (AddParameter): Name = "Manufacturer Part Number"; Value = ""; VariantName = "[No Variations]"
Add component (AddParameter): Name = "Rating"; Value = ""; VariantName = "[No Variations]"
Added Component: Designator=C23(CAP_0603)
Add component (AddParameter): Name = "Dielectric"; Value = ""; VariantName = "[No Variations]"
Add component (AddParameter): Name = "Distributor Link"; Value = ""; VariantName = "[No Variations]"
Add component (AddParameter): Name = "LCSC"; Value = ""; VariantName = "[No Variations]"
Add component (AddParameter): Name = "Manufacturer"; Value = ""; VariantName = "[No Variations]"
Add component (AddParameter): Name = "Manufacturer Part Number"; Value = ""; VariantName = "[No Variations]"
Add component (AddParameter): Name = "Rating"; Value = ""; VariantName = "[No Variations]"
Added Component: Designator=C24(CAP_0603)
Add component (AddParameter): Name = "Dielectric"; Value = ""; VariantName = "[No Variations]"
Add component (AddParameter): Name = "Distributor Link"; Value = ""; VariantName = "[No Variations]"
Add component (AddParameter): Name = "LCSC"; Value = ""; VariantName = "[No Variations]"
Add component (AddParameter): Name = "Manufacturer"; Value = ""; VariantName = "[No Variations]"
Add component (AddParameter): Name = "Manufacturer Part Number"; Value = ""; VariantName = "[No Variations]"
Add component (AddParameter): Name = "Rating"; Value = ""; VariantName = "[No Variations]"
Added Component: Designator=D1(FP-6_544-5269_01-4-MFG)
Add component (AddParameter): Name = "Case/Package"; Value = "T"; VariantName = "[No Variations]"
Add component (AddParameter): Name = "Collector Emitter Breakdown Voltage"; Value = "70V"; VariantName = "[No Variations]"
Add component (AddParameter): Name = "Collector Emitter Saturation Voltage"; Value = "300mV"; VariantName = "[No Variations]"
Add component (AddParameter): Name = "Collector Emitter Voltage (VCEO)"; Value = "70V"; VariantName = "[No Variations]"
Add component (AddParameter): Name = "Dark Current"; Value = "200nA"; VariantName = "[No Variations]"
Add component (AddParameter): Name = "Fall Time"; Value = "2.3µs"; VariantName = "[No Variations]"
Add component (AddParameter): Name = "Height"; Value = "4.5mm"; VariantName = "[No Variations]"
Add component (AddParameter): Name = "Lead Free"; Value = "Lead Free"; VariantName = "[No Variations]"
Add component (AddParameter): Name = "Length"; Value = "3.2mm"; VariantName = "[No Variations]"
Add component (AddParameter): Name = "Lens Style"; Value = "Domed"; VariantName = "[No Variations]"
Add component (AddParameter): Name = "Max Collector Current"; Value = "50mA"; VariantName = "[No Variations]"
Add component (AddParameter): Name = "Max Operating Temperature"; Value = "100°C"; VariantName = "[No Variations]"
Add component (AddParameter): Name = "Max Power Dissipation"; Value = "100mW"; VariantName = "[No Variations]"
Add component (AddParameter): Name = "Min Operating Temperature"; Value = "-40°C"; VariantName = "[No Variations]"
Add component (AddParameter): Name = "Mount"; Value = "Through Hole"; VariantName = "[No Variations]"
Add component (AddParameter): Name = "NexarPartId"; Value = "39729854"; VariantName = "[No Variations]"
Add component (AddParameter): Name = "Number of Channels"; Value = "1"; VariantName = "[No Variations]"
Add component (AddParameter): Name = "Number of Elements"; Value = "1"; VariantName = "[No Variations]"
Add component (AddParameter): Name = "Number of Pins"; Value = "2"; VariantName = "[No Variations]"
Add component (AddParameter): Name = "Orientation"; Value = "Top View"; VariantName = "[No Variations]"
Add component (AddParameter): Name = "Polarity"; Value = "NPN"; VariantName = "[No Variations]"
Add component (AddParameter): Name = "Power Consumption"; Value = "100mW"; VariantName = "[No Variations]"
Add component (AddParameter): Name = "Power Dissipation"; Value = "100mW"; VariantName = "[No Variations]"
Add component (AddParameter): Name = "Radiation Hardening"; Value = "No"; VariantName = "[No Variations]"
Add component (AddParameter): Name = "REACH SVHC"; Value = "Unknown"; VariantName = "[No Variations]"
Add component (AddParameter): Name = "Rise Time"; Value = "2µs"; VariantName = "[No Variations]"
Add component (AddParameter): Name = "RoHS"; Value = "Compliant"; VariantName = "[No Variations]"
Add component (AddParameter): Name = "Schedule B"; Value = "8541407080, 8541407080"; VariantName = "[No Variations]"
Add component (AddParameter): Name = "Viewing Angle"; Value = "30°"; VariantName = "[No Variations]"
Add component (AddParameter): Name = "Wavelength"; Value = "925nm"; VariantName = "[No Variations]"
Add component (AddParameter): Name = "Width"; Value = "3.9mm"; VariantName = "[No Variations]"
Added Component: Designator=D2(FP-6_544-5269_01-4-MFG)
Add component (AddParameter): Name = "Case/Package"; Value = "T"; VariantName = "[No Variations]"
Add component (AddParameter): Name = "Collector Emitter Breakdown Voltage"; Value = "70V"; VariantName = "[No Variations]"
Add component (AddParameter): Name = "Collector Emitter Saturation Voltage"; Value = "300mV"; VariantName = "[No Variations]"
Add component (AddParameter): Name = "Collector Emitter Voltage (VCEO)"; Value = "70V"; VariantName = "[No Variations]"
Add component (AddParameter): Name = "Dark Current"; Value = "200nA"; VariantName = "[No Variations]"
Add component (AddParameter): Name = "Fall Time"; Value = "2.3µs"; VariantName = "[No Variations]"
Add component (AddParameter): Name = "Height"; Value = "4.5mm"; VariantName = "[No Variations]"
Add component (AddParameter): Name = "Lead Free"; Value = "Lead Free"; VariantName = "[No Variations]"
Add component (AddParameter): Name = "Length"; Value = "3.2mm"; VariantName = "[No Variations]"
Add component (AddParameter): Name = "Lens Style"; Value = "Domed"; VariantName = "[No Variations]"
Add component (AddParameter): Name = "Max Collector Current"; Value = "50mA"; VariantName = "[No Variations]"
Add component (AddParameter): Name = "Max Operating Temperature"; Value = "100°C"; VariantName = "[No Variations]"
Add component (AddParameter): Name = "Max Power Dissipation"; Value = "100mW"; VariantName = "[No Variations]"
Add component (AddParameter): Name = "Min Operating Temperature"; Value = "-40°C"; VariantName = "[No Variations]"
Add component (AddParameter): Name = "Mount"; Value = "Through Hole"; VariantName = "[No Variations]"
Add component (AddParameter): Name = "NexarPartId"; Value = "39729854"; VariantName = "[No Variations]"
Add component (AddParameter): Name = "Number of Channels"; Value = "1"; VariantName = "[No Variations]"
Add component (AddParameter): Name = "Number of Elements"; Value = "1"; VariantName = "[No Variations]"
Add component (AddParameter): Name = "Number of Pins"; Value = "2"; VariantName = "[No Variations]"
Add component (AddParameter): Name = "Orientation"; Value = "Top View"; VariantName = "[No Variations]"
Add component (AddParameter): Name = "Polarity"; Value = "NPN"; VariantName = "[No Variations]"
Add component (AddParameter): Name = "Power Consumption"; Value = "100mW"; VariantName = "[No Variations]"
Add component (AddParameter): Name = "Power Dissipation"; Value = "100mW"; VariantName = "[No Variations]"
Add component (AddParameter): Name = "Radiation Hardening"; Value = "No"; VariantName = "[No Variations]"
Add component (AddParameter): Name = "REACH SVHC"; Value = "Unknown"; VariantName = "[No Variations]"
Add component (AddParameter): Name = "Rise Time"; Value = "2µs"; VariantName = "[No Variations]"
Add component (AddParameter): Name = "RoHS"; Value = "Compliant"; VariantName = "[No Variations]"
Add component (AddParameter): Name = "Schedule B"; Value = "8541407080, 8541407080"; VariantName = "[No Variations]"
Add component (AddParameter): Name = "Viewing Angle"; Value = "30°"; VariantName = "[No Variations]"
Add component (AddParameter): Name = "Wavelength"; Value = "925nm"; VariantName = "[No Variations]"
Add component (AddParameter): Name = "Width"; Value = "3.9mm"; VariantName = "[No Variations]"
Added Component: Designator=D3(FP-6_544-5269_01-4-MFG)
Add component (AddParameter): Name = "Case/Package"; Value = "T"; VariantName = "[No Variations]"
Add component (AddParameter): Name = "Collector Emitter Breakdown Voltage"; Value = "70V"; VariantName = "[No Variations]"
Add component (AddParameter): Name = "Collector Emitter Saturation Voltage"; Value = "300mV"; VariantName = "[No Variations]"
Add component (AddParameter): Name = "Collector Emitter Voltage (VCEO)"; Value = "70V"; VariantName = "[No Variations]"
Add component (AddParameter): Name = "Dark Current"; Value = "200nA"; VariantName = "[No Variations]"
Add component (AddParameter): Name = "Fall Time"; Value = "2.3µs"; VariantName = "[No Variations]"
Add component (AddParameter): Name = "Height"; Value = "4.5mm"; VariantName = "[No Variations]"
Add component (AddParameter): Name = "Lead Free"; Value = "Lead Free"; VariantName = "[No Variations]"
Add component (AddParameter): Name = "Length"; Value = "3.2mm"; VariantName = "[No Variations]"
Add component (AddParameter): Name = "Lens Style"; Value = "Domed"; VariantName = "[No Variations]"
Add component (AddParameter): Name = "Max Collector Current"; Value = "50mA"; VariantName = "[No Variations]"
Add component (AddParameter): Name = "Max Operating Temperature"; Value = "100°C"; VariantName = "[No Variations]"
Add component (AddParameter): Name = "Max Power Dissipation"; Value = "100mW"; VariantName = "[No Variations]"
Add component (AddParameter): Name = "Min Operating Temperature"; Value = "-40°C"; VariantName = "[No Variations]"
Add component (AddParameter): Name = "Mount"; Value = "Through Hole"; VariantName = "[No Variations]"
Add component (AddParameter): Name = "NexarPartId"; Value = "39729854"; VariantName = "[No Variations]"
Add component (AddParameter): Name = "Number of Channels"; Value = "1"; VariantName = "[No Variations]"
Add component (AddParameter): Name = "Number of Elements"; Value = "1"; VariantName = "[No Variations]"
Add component (AddParameter): Name = "Number of Pins"; Value = "2"; VariantName = "[No Variations]"
Add component (AddParameter): Name = "Orientation"; Value = "Top View"; VariantName = "[No Variations]"
Add component (AddParameter): Name = "Polarity"; Value = "NPN"; VariantName = "[No Variations]"
Add component (AddParameter): Name = "Power Consumption"; Value = "100mW"; VariantName = "[No Variations]"
Add component (AddParameter): Name = "Power Dissipation"; Value = "100mW"; VariantName = "[No Variations]"
Add component (AddParameter): Name = "Radiation Hardening"; Value = "No"; VariantName = "[No Variations]"
Add component (AddParameter): Name = "REACH SVHC"; Value = "Unknown"; VariantName = "[No Variations]"
Add component (AddParameter): Name = "Rise Time"; Value = "2µs"; VariantName = "[No Variations]"
Add component (AddParameter): Name = "RoHS"; Value = "Compliant"; VariantName = "[No Variations]"
Add component (AddParameter): Name = "Schedule B"; Value = "8541407080, 8541407080"; VariantName = "[No Variations]"
Add component (AddParameter): Name = "Viewing Angle"; Value = "30°"; VariantName = "[No Variations]"
Add component (AddParameter): Name = "Wavelength"; Value = "925nm"; VariantName = "[No Variations]"
Add component (AddParameter): Name = "Width"; Value = "3.9mm"; VariantName = "[No Variations]"
Added Component: Designator=D4(FP-6_544-5269_01-4-MFG)
Add component (AddParameter): Name = "Case/Package"; Value = "T"; VariantName = "[No Variations]"
Add component (AddParameter): Name = "Collector Emitter Breakdown Voltage"; Value = "70V"; VariantName = "[No Variations]"
Add component (AddParameter): Name = "Collector Emitter Saturation Voltage"; Value = "300mV"; VariantName = "[No Variations]"
Add component (AddParameter): Name = "Collector Emitter Voltage (VCEO)"; Value = "70V"; VariantName = "[No Variations]"
Add component (AddParameter): Name = "Dark Current"; Value = "200nA"; VariantName = "[No Variations]"
Add component (AddParameter): Name = "Fall Time"; Value = "2.3µs"; VariantName = "[No Variations]"
Add component (AddParameter): Name = "Height"; Value = "4.5mm"; VariantName = "[No Variations]"
Add component (AddParameter): Name = "Lead Free"; Value = "Lead Free"; VariantName = "[No Variations]"
Add component (AddParameter): Name = "Length"; Value = "3.2mm"; VariantName = "[No Variations]"
Add component (AddParameter): Name = "Lens Style"; Value = "Domed"; VariantName = "[No Variations]"
Add component (AddParameter): Name = "Max Collector Current"; Value = "50mA"; VariantName = "[No Variations]"
Add component (AddParameter): Name = "Max Operating Temperature"; Value = "100°C"; VariantName = "[No Variations]"
Add component (AddParameter): Name = "Max Power Dissipation"; Value = "100mW"; VariantName = "[No Variations]"
Add component (AddParameter): Name = "Min Operating Temperature"; Value = "-40°C"; VariantName = "[No Variations]"
Add component (AddParameter): Name = "Mount"; Value = "Through Hole"; VariantName = "[No Variations]"
Add component (AddParameter): Name = "NexarPartId"; Value = "39729854"; VariantName = "[No Variations]"
Add component (AddParameter): Name = "Number of Channels"; Value = "1"; VariantName = "[No Variations]"
Add component (AddParameter): Name = "Number of Elements"; Value = "1"; VariantName = "[No Variations]"
Add component (AddParameter): Name = "Number of Pins"; Value = "2"; VariantName = "[No Variations]"
Add component (AddParameter): Name = "Orientation"; Value = "Top View"; VariantName = "[No Variations]"
Add component (AddParameter): Name = "Polarity"; Value = "NPN"; VariantName = "[No Variations]"
Add component (AddParameter): Name = "Power Consumption"; Value = "100mW"; VariantName = "[No Variations]"
Add component (AddParameter): Name = "Power Dissipation"; Value = "100mW"; VariantName = "[No Variations]"
Add component (AddParameter): Name = "Radiation Hardening"; Value = "No"; VariantName = "[No Variations]"
Add component (AddParameter): Name = "REACH SVHC"; Value = "Unknown"; VariantName = "[No Variations]"
Add component (AddParameter): Name = "Rise Time"; Value = "2µs"; VariantName = "[No Variations]"
Add component (AddParameter): Name = "RoHS"; Value = "Compliant"; VariantName = "[No Variations]"
Add component (AddParameter): Name = "Schedule B"; Value = "8541407080, 8541407080"; VariantName = "[No Variations]"
Add component (AddParameter): Name = "Viewing Angle"; Value = "30°"; VariantName = "[No Variations]"
Add component (AddParameter): Name = "Wavelength"; Value = "925nm"; VariantName = "[No Variations]"
Add component (AddParameter): Name = "Width"; Value = "3.9mm"; VariantName = "[No Variations]"
Added Component: Designator=D5(FP-6_544-5269_01-4-MFG)
Add component (AddParameter): Name = "Case/Package"; Value = "T"; VariantName = "[No Variations]"
Add component (AddParameter): Name = "Collector Emitter Breakdown Voltage"; Value = "70V"; VariantName = "[No Variations]"
Add component (AddParameter): Name = "Collector Emitter Saturation Voltage"; Value = "300mV"; VariantName = "[No Variations]"
Add component (AddParameter): Name = "Collector Emitter Voltage (VCEO)"; Value = "70V"; VariantName = "[No Variations]"
Add component (AddParameter): Name = "Dark Current"; Value = "200nA"; VariantName = "[No Variations]"
Add component (AddParameter): Name = "Fall Time"; Value = "2.3µs"; VariantName = "[No Variations]"
Add component (AddParameter): Name = "Height"; Value = "4.5mm"; VariantName = "[No Variations]"
Add component (AddParameter): Name = "Lead Free"; Value = "Lead Free"; VariantName = "[No Variations]"
Add component (AddParameter): Name = "Length"; Value = "3.2mm"; VariantName = "[No Variations]"
Add component (AddParameter): Name = "Lens Style"; Value = "Domed"; VariantName = "[No Variations]"
Add component (AddParameter): Name = "Max Collector Current"; Value = "50mA"; VariantName = "[No Variations]"
Add component (AddParameter): Name = "Max Operating Temperature"; Value = "100°C"; VariantName = "[No Variations]"
Add component (AddParameter): Name = "Max Power Dissipation"; Value = "100mW"; VariantName = "[No Variations]"
Add component (AddParameter): Name = "Min Operating Temperature"; Value = "-40°C"; VariantName = "[No Variations]"
Add component (AddParameter): Name = "Mount"; Value = "Through Hole"; VariantName = "[No Variations]"
Add component (AddParameter): Name = "NexarPartId"; Value = "39729854"; VariantName = "[No Variations]"
Add component (AddParameter): Name = "Number of Channels"; Value = "1"; VariantName = "[No Variations]"
Add component (AddParameter): Name = "Number of Elements"; Value = "1"; VariantName = "[No Variations]"
Add component (AddParameter): Name = "Number of Pins"; Value = "2"; VariantName = "[No Variations]"
Add component (AddParameter): Name = "Orientation"; Value = "Top View"; VariantName = "[No Variations]"
Add component (AddParameter): Name = "Polarity"; Value = "NPN"; VariantName = "[No Variations]"
Add component (AddParameter): Name = "Power Consumption"; Value = "100mW"; VariantName = "[No Variations]"
Add component (AddParameter): Name = "Power Dissipation"; Value = "100mW"; VariantName = "[No Variations]"
Add component (AddParameter): Name = "Radiation Hardening"; Value = "No"; VariantName = "[No Variations]"
Add component (AddParameter): Name = "REACH SVHC"; Value = "Unknown"; VariantName = "[No Variations]"
Add component (AddParameter): Name = "Rise Time"; Value = "2µs"; VariantName = "[No Variations]"
Add component (AddParameter): Name = "RoHS"; Value = "Compliant"; VariantName = "[No Variations]"
Add component (AddParameter): Name = "Schedule B"; Value = "8541407080, 8541407080"; VariantName = "[No Variations]"
Add component (AddParameter): Name = "Viewing Angle"; Value = "30°"; VariantName = "[No Variations]"
Add component (AddParameter): Name = "Wavelength"; Value = "925nm"; VariantName = "[No Variations]"
Add component (AddParameter): Name = "Width"; Value = "3.9mm"; VariantName = "[No Variations]"
Added Component: Designator=D6(FP-6_544-5269_01-4-MFG)
Add component (AddParameter): Name = "Case/Package"; Value = "T"; VariantName = "[No Variations]"
Add component (AddParameter): Name = "Collector Emitter Breakdown Voltage"; Value = "70V"; VariantName = "[No Variations]"
Add component (AddParameter): Name = "Collector Emitter Saturation Voltage"; Value = "300mV"; VariantName = "[No Variations]"
Add component (AddParameter): Name = "Collector Emitter Voltage (VCEO)"; Value = "70V"; VariantName = "[No Variations]"
Add component (AddParameter): Name = "Dark Current"; Value = "200nA"; VariantName = "[No Variations]"
Add component (AddParameter): Name = "Fall Time"; Value = "2.3µs"; VariantName = "[No Variations]"
Add component (AddParameter): Name = "Height"; Value = "4.5mm"; VariantName = "[No Variations]"
Add component (AddParameter): Name = "Lead Free"; Value = "Lead Free"; VariantName = "[No Variations]"
Add component (AddParameter): Name = "Length"; Value = "3.2mm"; VariantName = "[No Variations]"
Add component (AddParameter): Name = "Lens Style"; Value = "Domed"; VariantName = "[No Variations]"
Add component (AddParameter): Name = "Max Collector Current"; Value = "50mA"; VariantName = "[No Variations]"
Add component (AddParameter): Name = "Max Operating Temperature"; Value = "100°C"; VariantName = "[No Variations]"
Add component (AddParameter): Name = "Max Power Dissipation"; Value = "100mW"; VariantName = "[No Variations]"
Add component (AddParameter): Name = "Min Operating Temperature"; Value = "-40°C"; VariantName = "[No Variations]"
Add component (AddParameter): Name = "Mount"; Value = "Through Hole"; VariantName = "[No Variations]"
Add component (AddParameter): Name = "NexarPartId"; Value = "39729854"; VariantName = "[No Variations]"
Add component (AddParameter): Name = "Number of Channels"; Value = "1"; VariantName = "[No Variations]"
Add component (AddParameter): Name = "Number of Elements"; Value = "1"; VariantName = "[No Variations]"
Add component (AddParameter): Name = "Number of Pins"; Value = "2"; VariantName = "[No Variations]"
Add component (AddParameter): Name = "Orientation"; Value = "Top View"; VariantName = "[No Variations]"
Add component (AddParameter): Name = "Polarity"; Value = "NPN"; VariantName = "[No Variations]"
Add component (AddParameter): Name = "Power Consumption"; Value = "100mW"; VariantName = "[No Variations]"
Add component (AddParameter): Name = "Power Dissipation"; Value = "100mW"; VariantName = "[No Variations]"
Add component (AddParameter): Name = "Radiation Hardening"; Value = "No"; VariantName = "[No Variations]"
Add component (AddParameter): Name = "REACH SVHC"; Value = "Unknown"; VariantName = "[No Variations]"
Add component (AddParameter): Name = "Rise Time"; Value = "2µs"; VariantName = "[No Variations]"
Add component (AddParameter): Name = "RoHS"; Value = "Compliant"; VariantName = "[No Variations]"
Add component (AddParameter): Name = "Schedule B"; Value = "8541407080, 8541407080"; VariantName = "[No Variations]"
Add component (AddParameter): Name = "Viewing Angle"; Value = "30°"; VariantName = "[No Variations]"
Add component (AddParameter): Name = "Wavelength"; Value = "925nm"; VariantName = "[No Variations]"
Add component (AddParameter): Name = "Width"; Value = "3.9mm"; VariantName = "[No Variations]"
Added Component: Designator=D7(LED_0603_RED)
Added Component: Designator=DMUX1(TSOP65P640X120-16N)
Add component (AddParameter): Name = "Case/Package"; Value = "TSSOP"; VariantName = "[No Variations]"
Add component (AddParameter): Name = "Max Operating Temperature"; Value = ""; VariantName = "[No Variations]"
Add component (AddParameter): Name = "Max Supply Voltage"; Value = ""; VariantName = "[No Variations]"
Add component (AddParameter): Name = "Min Operating Temperature"; Value = ""; VariantName = "[No Variations]"
Add component (AddParameter): Name = "Min Supply Voltage"; Value = ""; VariantName = "[No Variations]"
Add component (AddParameter): Name = "Mounting Technology"; Value = ""; VariantName = "[No Variations]"
Add component (AddParameter): Name = "Nominal Supply Voltage"; Value = ""; VariantName = "[No Variations]"
Add component (AddParameter): Name = "Pins"; Value = "16"; VariantName = "[No Variations]"
Add component (AddParameter): Name = "Power"; Value = ""; VariantName = "[No Variations]"
Add component (AddParameter): Name = "RoHS Compliant"; Value = ""; VariantName = "[No Variations]"
Added Component: Designator=DRV1(SOIC127P600X170-9N)
Add component (AddParameter): Name = "Case/Package"; Value = ""; VariantName = "[No Variations]"
Add component (AddParameter): Name = "Datasheet Link"; Value = "https://www.arrow.com/en/products/drv8251ddar/texas-instruments?region=nac"; VariantName = "[No Variations]"
Add component (AddParameter): Name = "Design Item ID"; Value = "DRV8251DDAR"; VariantName = "[No Variations]"
Add component (AddParameter): Name = "Geometry.Height"; Value = "1.7mm"; VariantName = "[No Variations]"
Add component (AddParameter): Name = "Manufacturer_Name"; Value = "Texas Instruments"; VariantName = "[No Variations]"
Add component (AddParameter): Name = "Manufacturer_Part_Number"; Value = "DRV8251DDAR"; VariantName = "[No Variations]"
Add component (AddParameter): Name = "Max Operating Temperature"; Value = ""; VariantName = "[No Variations]"
Add component (AddParameter): Name = "Min Operating Temperature"; Value = ""; VariantName = "[No Variations]"
Add component (AddParameter): Name = "Mounting Technology"; Value = ""; VariantName = "[No Variations]"
Add component (AddParameter): Name = "Mouser Part Number"; Value = "595-DRV8251DDAR"; VariantName = "[No Variations]"
Add component (AddParameter): Name = "Mouser Price/Stock"; Value = "https://www.mouser.co.uk/ProductDetail/Texas-Instruments/DRV8251DDAR?qs=doiCPypUmgHTzZyfapGahQ%3D%3D"; VariantName = "[No Variations]"
Add component (AddParameter): Name = "Nominal Supply Current"; Value = ""; VariantName = "[No Variations]"
Add component (AddParameter): Name = "Nominal Supply Voltage"; Value = ""; VariantName = "[No Variations]"
Add component (AddParameter): Name = "Pins"; Value = ""; VariantName = "[No Variations]"
Add component (AddParameter): Name = "RoHS Compliant"; Value = ""; VariantName = "[No Variations]"
Add component (AddParameter): Name = "Source"; Value = "DRV8251DDAR.SchLib"; VariantName = "[No Variations]"
Add component (AddParameter): Name = "Voltage Rating"; Value = ""; VariantName = "[No Variations]"
Added Component: Designator=DRV2(SOIC127P600X170-9N)
Add component (AddParameter): Name = "Case/Package"; Value = ""; VariantName = "[No Variations]"
Add component (AddParameter): Name = "Datasheet Link"; Value = "https://www.arrow.com/en/products/drv8251ddar/texas-instruments?region=nac"; VariantName = "[No Variations]"
Add component (AddParameter): Name = "Design Item ID"; Value = "DRV8251DDAR"; VariantName = "[No Variations]"
Add component (AddParameter): Name = "Geometry.Height"; Value = "1.7mm"; VariantName = "[No Variations]"
Add component (AddParameter): Name = "Manufacturer_Name"; Value = "Texas Instruments"; VariantName = "[No Variations]"
Add component (AddParameter): Name = "Manufacturer_Part_Number"; Value = "DRV8251DDAR"; VariantName = "[No Variations]"
Add component (AddParameter): Name = "Max Operating Temperature"; Value = ""; VariantName = "[No Variations]"
Add component (AddParameter): Name = "Min Operating Temperature"; Value = ""; VariantName = "[No Variations]"
Add component (AddParameter): Name = "Mounting Technology"; Value = ""; VariantName = "[No Variations]"
Add component (AddParameter): Name = "Mouser Part Number"; Value = "595-DRV8251DDAR"; VariantName = "[No Variations]"
Add component (AddParameter): Name = "Mouser Price/Stock"; Value = "https://www.mouser.co.uk/ProductDetail/Texas-Instruments/DRV8251DDAR?qs=doiCPypUmgHTzZyfapGahQ%3D%3D"; VariantName = "[No Variations]"
Add component (AddParameter): Name = "Nominal Supply Current"; Value = ""; VariantName = "[No Variations]"
Add component (AddParameter): Name = "Nominal Supply Voltage"; Value = ""; VariantName = "[No Variations]"
Add component (AddParameter): Name = "Pins"; Value = ""; VariantName = "[No Variations]"
Add component (AddParameter): Name = "RoHS Compliant"; Value = ""; VariantName = "[No Variations]"
Add component (AddParameter): Name = "Source"; Value = "DRV8251DDAR.SchLib"; VariantName = "[No Variations]"
Add component (AddParameter): Name = "Voltage Rating"; Value = ""; VariantName = "[No Variations]"
Added Component: Designator=IR1(SFH4545)
Add component (AddParameter): Name = "Case/Package"; Value = ""; VariantName = "[No Variations]"
Add component (AddParameter): Name = "Datasheet Link"; Value = "https://datasheet.datasheetarchive.com/originals/distributors/DKDS41/DSANUWW0036915.pdf"; VariantName = "[No Variations]"
Add component (AddParameter): Name = "Design Item ID"; Value = "SFH_4545"; VariantName = "[No Variations]"
Add component (AddParameter): Name = "Forward Current"; Value = ""; VariantName = "[No Variations]"
Add component (AddParameter): Name = "Forward Voltage"; Value = ""; VariantName = "[No Variations]"
Add component (AddParameter): Name = "Geometry.Height"; Value = "8.3mm"; VariantName = "[No Variations]"
Add component (AddParameter): Name = "Manufacturer_Name"; Value = "ams OSRAM"; VariantName = "[No Variations]"
Add component (AddParameter): Name = "Manufacturer_Part_Number"; Value = "SFH 4545"; VariantName = "[No Variations]"
Add component (AddParameter): Name = "Max Operating Temperature"; Value = ""; VariantName = "[No Variations]"
Add component (AddParameter): Name = "Max Surge Current"; Value = ""; VariantName = "[No Variations]"
Add component (AddParameter): Name = "Min Operating Temperature"; Value = ""; VariantName = "[No Variations]"
Add component (AddParameter): Name = "Mounting Technology"; Value = ""; VariantName = "[No Variations]"
Add component (AddParameter): Name = "Mouser Part Number"; Value = "720-SFH4545"; VariantName = "[No Variations]"
Add component (AddParameter): Name = "Mouser Price/Stock"; Value = "https://www.mouser.co.uk/ProductDetail/ams-OSRAM/SFH-4545?qs=VcOkZLzzaubOJpq6Xyji1A%3D%3D"; VariantName = "[No Variations]"
Add component (AddParameter): Name = "Peak Inverse Voltage"; Value = ""; VariantName = "[No Variations]"
Add component (AddParameter): Name = "Pins"; Value = ""; VariantName = "[No Variations]"
Add component (AddParameter): Name = "RoHS Compliant"; Value = ""; VariantName = "[No Variations]"
Add component (AddParameter): Name = "Source"; Value = "SFH_4545.SchLib"; VariantName = "[No Variations]"
Added Component: Designator=IR2(SFH4545)
Add component (AddParameter): Name = "Case/Package"; Value = ""; VariantName = "[No Variations]"
Add component (AddParameter): Name = "Datasheet Link"; Value = "https://datasheet.datasheetarchive.com/originals/distributors/DKDS41/DSANUWW0036915.pdf"; VariantName = "[No Variations]"
Add component (AddParameter): Name = "Design Item ID"; Value = "SFH_4545"; VariantName = "[No Variations]"
Add component (AddParameter): Name = "Forward Current"; Value = ""; VariantName = "[No Variations]"
Add component (AddParameter): Name = "Forward Voltage"; Value = ""; VariantName = "[No Variations]"
Add component (AddParameter): Name = "Geometry.Height"; Value = "8.3mm"; VariantName = "[No Variations]"
Add component (AddParameter): Name = "Manufacturer_Name"; Value = "ams OSRAM"; VariantName = "[No Variations]"
Add component (AddParameter): Name = "Manufacturer_Part_Number"; Value = "SFH 4545"; VariantName = "[No Variations]"
Add component (AddParameter): Name = "Max Operating Temperature"; Value = ""; VariantName = "[No Variations]"
Add component (AddParameter): Name = "Max Surge Current"; Value = ""; VariantName = "[No Variations]"
Add component (AddParameter): Name = "Min Operating Temperature"; Value = ""; VariantName = "[No Variations]"
Add component (AddParameter): Name = "Mounting Technology"; Value = ""; VariantName = "[No Variations]"
Add component (AddParameter): Name = "Mouser Part Number"; Value = "720-SFH4545"; VariantName = "[No Variations]"
Add component (AddParameter): Name = "Mouser Price/Stock"; Value = "https://www.mouser.co.uk/ProductDetail/ams-OSRAM/SFH-4545?qs=VcOkZLzzaubOJpq6Xyji1A%3D%3D"; VariantName = "[No Variations]"
Add component (AddParameter): Name = "Peak Inverse Voltage"; Value = ""; VariantName = "[No Variations]"
Add component (AddParameter): Name = "Pins"; Value = ""; VariantName = "[No Variations]"
Add component (AddParameter): Name = "RoHS Compliant"; Value = ""; VariantName = "[No Variations]"
Add component (AddParameter): Name = "Source"; Value = "SFH_4545.SchLib"; VariantName = "[No Variations]"
Added Component: Designator=IR3(SFH4545)
Add component (AddParameter): Name = "Case/Package"; Value = ""; VariantName = "[No Variations]"
Add component (AddParameter): Name = "Datasheet Link"; Value = "https://datasheet.datasheetarchive.com/originals/distributors/DKDS41/DSANUWW0036915.pdf"; VariantName = "[No Variations]"
Add component (AddParameter): Name = "Design Item ID"; Value = "SFH_4545"; VariantName = "[No Variations]"
Add component (AddParameter): Name = "Forward Current"; Value = ""; VariantName = "[No Variations]"
Add component (AddParameter): Name = "Forward Voltage"; Value = ""; VariantName = "[No Variations]"
Add component (AddParameter): Name = "Geometry.Height"; Value = "8.3mm"; VariantName = "[No Variations]"
Add component (AddParameter): Name = "Manufacturer_Name"; Value = "ams OSRAM"; VariantName = "[No Variations]"
Add component (AddParameter): Name = "Manufacturer_Part_Number"; Value = "SFH 4545"; VariantName = "[No Variations]"
Add component (AddParameter): Name = "Max Operating Temperature"; Value = ""; VariantName = "[No Variations]"
Add component (AddParameter): Name = "Max Surge Current"; Value = ""; VariantName = "[No Variations]"
Add component (AddParameter): Name = "Min Operating Temperature"; Value = ""; VariantName = "[No Variations]"
Add component (AddParameter): Name = "Mounting Technology"; Value = ""; VariantName = "[No Variations]"
Add component (AddParameter): Name = "Mouser Part Number"; Value = "720-SFH4545"; VariantName = "[No Variations]"
Add component (AddParameter): Name = "Mouser Price/Stock"; Value = "https://www.mouser.co.uk/ProductDetail/ams-OSRAM/SFH-4545?qs=VcOkZLzzaubOJpq6Xyji1A%3D%3D"; VariantName = "[No Variations]"
Add component (AddParameter): Name = "Peak Inverse Voltage"; Value = ""; VariantName = "[No Variations]"
Add component (AddParameter): Name = "Pins"; Value = ""; VariantName = "[No Variations]"
Add component (AddParameter): Name = "RoHS Compliant"; Value = ""; VariantName = "[No Variations]"
Add component (AddParameter): Name = "Source"; Value = "SFH_4545.SchLib"; VariantName = "[No Variations]"
Added Component: Designator=IR4(SFH4545)
Add component (AddParameter): Name = "Case/Package"; Value = ""; VariantName = "[No Variations]"
Add component (AddParameter): Name = "Datasheet Link"; Value = "https://datasheet.datasheetarchive.com/originals/distributors/DKDS41/DSANUWW0036915.pdf"; VariantName = "[No Variations]"
Add component (AddParameter): Name = "Design Item ID"; Value = "SFH_4545"; VariantName = "[No Variations]"
Add component (AddParameter): Name = "Forward Current"; Value = ""; VariantName = "[No Variations]"
Add component (AddParameter): Name = "Forward Voltage"; Value = ""; VariantName = "[No Variations]"
Add component (AddParameter): Name = "Geometry.Height"; Value = "8.3mm"; VariantName = "[No Variations]"
Add component (AddParameter): Name = "Manufacturer_Name"; Value = "ams OSRAM"; VariantName = "[No Variations]"
Add component (AddParameter): Name = "Manufacturer_Part_Number"; Value = "SFH 4545"; VariantName = "[No Variations]"
Add component (AddParameter): Name = "Max Operating Temperature"; Value = ""; VariantName = "[No Variations]"
Add component (AddParameter): Name = "Max Surge Current"; Value = ""; VariantName = "[No Variations]"
Add component (AddParameter): Name = "Min Operating Temperature"; Value = ""; VariantName = "[No Variations]"
Add component (AddParameter): Name = "Mounting Technology"; Value = ""; VariantName = "[No Variations]"
Add component (AddParameter): Name = "Mouser Part Number"; Value = "720-SFH4545"; VariantName = "[No Variations]"
Add component (AddParameter): Name = "Mouser Price/Stock"; Value = "https://www.mouser.co.uk/ProductDetail/ams-OSRAM/SFH-4545?qs=VcOkZLzzaubOJpq6Xyji1A%3D%3D"; VariantName = "[No Variations]"
Add component (AddParameter): Name = "Peak Inverse Voltage"; Value = ""; VariantName = "[No Variations]"
Add component (AddParameter): Name = "Pins"; Value = ""; VariantName = "[No Variations]"
Add component (AddParameter): Name = "RoHS Compliant"; Value = ""; VariantName = "[No Variations]"
Add component (AddParameter): Name = "Source"; Value = "SFH_4545.SchLib"; VariantName = "[No Variations]"
Added Component: Designator=IR5(SFH4545)
Add component (AddParameter): Name = "Case/Package"; Value = ""; VariantName = "[No Variations]"
Add component (AddParameter): Name = "Datasheet Link"; Value = "https://datasheet.datasheetarchive.com/originals/distributors/DKDS41/DSANUWW0036915.pdf"; VariantName = "[No Variations]"
Add component (AddParameter): Name = "Design Item ID"; Value = "SFH_4545"; VariantName = "[No Variations]"
Add component (AddParameter): Name = "Forward Current"; Value = ""; VariantName = "[No Variations]"
Add component (AddParameter): Name = "Forward Voltage"; Value = ""; VariantName = "[No Variations]"
Add component (AddParameter): Name = "Geometry.Height"; Value = "8.3mm"; VariantName = "[No Variations]"
Add component (AddParameter): Name = "Manufacturer_Name"; Value = "ams OSRAM"; VariantName = "[No Variations]"
Add component (AddParameter): Name = "Manufacturer_Part_Number"; Value = "SFH 4545"; VariantName = "[No Variations]"
Add component (AddParameter): Name = "Max Operating Temperature"; Value = ""; VariantName = "[No Variations]"
Add component (AddParameter): Name = "Max Surge Current"; Value = ""; VariantName = "[No Variations]"
Add component (AddParameter): Name = "Min Operating Temperature"; Value = ""; VariantName = "[No Variations]"
Add component (AddParameter): Name = "Mounting Technology"; Value = ""; VariantName = "[No Variations]"
Add component (AddParameter): Name = "Mouser Part Number"; Value = "720-SFH4545"; VariantName = "[No Variations]"
Add component (AddParameter): Name = "Mouser Price/Stock"; Value = "https://www.mouser.co.uk/ProductDetail/ams-OSRAM/SFH-4545?qs=VcOkZLzzaubOJpq6Xyji1A%3D%3D"; VariantName = "[No Variations]"
Add component (AddParameter): Name = "Peak Inverse Voltage"; Value = ""; VariantName = "[No Variations]"
Add component (AddParameter): Name = "Pins"; Value = ""; VariantName = "[No Variations]"
Add component (AddParameter): Name = "RoHS Compliant"; Value = ""; VariantName = "[No Variations]"
Add component (AddParameter): Name = "Source"; Value = "SFH_4545.SchLib"; VariantName = "[No Variations]"
Added Component: Designator=IR6(SFH4545)
Add component (AddParameter): Name = "Case/Package"; Value = ""; VariantName = "[No Variations]"
Add component (AddParameter): Name = "Datasheet Link"; Value = "https://datasheet.datasheetarchive.com/originals/distributors/DKDS41/DSANUWW0036915.pdf"; VariantName = "[No Variations]"
Add component (AddParameter): Name = "Design Item ID"; Value = "SFH_4545"; VariantName = "[No Variations]"
Add component (AddParameter): Name = "Forward Current"; Value = ""; VariantName = "[No Variations]"
Add component (AddParameter): Name = "Forward Voltage"; Value = ""; VariantName = "[No Variations]"
Add component (AddParameter): Name = "Geometry.Height"; Value = "8.3mm"; VariantName = "[No Variations]"
Add component (AddParameter): Name = "Manufacturer_Name"; Value = "ams OSRAM"; VariantName = "[No Variations]"
Add component (AddParameter): Name = "Manufacturer_Part_Number"; Value = "SFH 4545"; VariantName = "[No Variations]"
Add component (AddParameter): Name = "Max Operating Temperature"; Value = ""; VariantName = "[No Variations]"
Add component (AddParameter): Name = "Max Surge Current"; Value = ""; VariantName = "[No Variations]"
Add component (AddParameter): Name = "Min Operating Temperature"; Value = ""; VariantName = "[No Variations]"
Add component (AddParameter): Name = "Mounting Technology"; Value = ""; VariantName = "[No Variations]"
Add component (AddParameter): Name = "Mouser Part Number"; Value = "720-SFH4545"; VariantName = "[No Variations]"
Add component (AddParameter): Name = "Mouser Price/Stock"; Value = "https://www.mouser.co.uk/ProductDetail/ams-OSRAM/SFH-4545?qs=VcOkZLzzaubOJpq6Xyji1A%3D%3D"; VariantName = "[No Variations]"
Add component (AddParameter): Name = "Peak Inverse Voltage"; Value = ""; VariantName = "[No Variations]"
Add component (AddParameter): Name = "Pins"; Value = ""; VariantName = "[No Variations]"
Add component (AddParameter): Name = "RoHS Compliant"; Value = ""; VariantName = "[No Variations]"
Add component (AddParameter): Name = "Source"; Value = "SFH_4545.SchLib"; VariantName = "[No Variations]"
Added Component: Designator=J1(JST_B6B-PH-K-S(LF)(SN))
Add component (AddParameter): Name = "Availability"; Value = "Unavailable"; VariantName = "[No Variations]"
Add component (AddParameter): Name = "Case/Package"; Value = ""; VariantName = "[No Variations]"
Add component (AddParameter): Name = "Component Type"; Value = "Standard"; VariantName = "[No Variations]"
Add component (AddParameter): Name = "Connector Type"; Value = ""; VariantName = "[No Variations]"
Add component (AddParameter): Name = "Design Item ID"; Value = "B6B-PH-K-S(LF)(SN)"; VariantName = "[No Variations]"
Add component (AddParameter): Name = "Gender"; Value = ""; VariantName = "[No Variations]"
Add component (AddParameter): Name = "Max Current Rating"; Value = ""; VariantName = "[No Variations]"
Add component (AddParameter): Name = "Max Operating Temperature"; Value = ""; VariantName = "[No Variations]"
Add component (AddParameter): Name = "MF"; Value = "{'manufacturer': u'JST Sales America Inc.'}"; VariantName = "[No Variations]"
Add component (AddParameter): Name = "Min Operating Temperature"; Value = ""; VariantName = "[No Variations]"
Add component (AddParameter): Name = "Mounting Technology"; Value = ""; VariantName = "[No Variations]"
Add component (AddParameter): Name = "MP"; Value = "B6B-PH-K-S(LF)(SN)"; VariantName = "[No Variations]"
Add component (AddParameter): Name = "Package"; Value = "None"; VariantName = "[No Variations]"
Add component (AddParameter): Name = "Pin Count"; Value = "6"; VariantName = "[No Variations]"
Add component (AddParameter): Name = "Pins"; Value = ""; VariantName = "[No Variations]"
Add component (AddParameter): Name = "Price"; Value = "None"; VariantName = "[No Variations]"
Add component (AddParameter): Name = "RoHS Compliant"; Value = ""; VariantName = "[No Variations]"
Add component (AddParameter): Name = "Source"; Value = "B6B-PH-K-S(LF)(SN).SchLib"; VariantName = "[No Variations]"
Add component (AddParameter): Name = "Value"; Value = ""; VariantName = "[No Variations]"
Add component (AddParameter): Name = "Voltage Rating"; Value = ""; VariantName = "[No Variations]"
Added Component: Designator=J2(JST_B6B-PH-K-S(LF)(SN))
Add component (AddParameter): Name = "Availability"; Value = "Unavailable"; VariantName = "[No Variations]"
Add component (AddParameter): Name = "Case/Package"; Value = ""; VariantName = "[No Variations]"
Add component (AddParameter): Name = "Component Type"; Value = "Standard"; VariantName = "[No Variations]"
Add component (AddParameter): Name = "Connector Type"; Value = ""; VariantName = "[No Variations]"
Add component (AddParameter): Name = "Design Item ID"; Value = "B6B-PH-K-S(LF)(SN)"; VariantName = "[No Variations]"
Add component (AddParameter): Name = "Gender"; Value = ""; VariantName = "[No Variations]"
Add component (AddParameter): Name = "Max Current Rating"; Value = ""; VariantName = "[No Variations]"
Add component (AddParameter): Name = "Max Operating Temperature"; Value = ""; VariantName = "[No Variations]"
Add component (AddParameter): Name = "MF"; Value = "{'manufacturer': u'JST Sales America Inc.'}"; VariantName = "[No Variations]"
Add component (AddParameter): Name = "Min Operating Temperature"; Value = ""; VariantName = "[No Variations]"
Add component (AddParameter): Name = "Mounting Technology"; Value = ""; VariantName = "[No Variations]"
Add component (AddParameter): Name = "MP"; Value = "B6B-PH-K-S(LF)(SN)"; VariantName = "[No Variations]"
Add component (AddParameter): Name = "Package"; Value = "None"; VariantName = "[No Variations]"
Add component (AddParameter): Name = "Pin Count"; Value = "6"; VariantName = "[No Variations]"
Add component (AddParameter): Name = "Pins"; Value = ""; VariantName = "[No Variations]"
Add component (AddParameter): Name = "Price"; Value = "None"; VariantName = "[No Variations]"
Add component (AddParameter): Name = "RoHS Compliant"; Value = ""; VariantName = "[No Variations]"
Add component (AddParameter): Name = "Source"; Value = "B6B-PH-K-S(LF)(SN).SchLib"; VariantName = "[No Variations]"
Add component (AddParameter): Name = "Value"; Value = ""; VariantName = "[No Variations]"
Add component (AddParameter): Name = "Voltage Rating"; Value = ""; VariantName = "[No Variations]"
Added Component: Designator=J3(FTSH10701LDVKTR)
Add component (AddParameter): Name = "Case/Package"; Value = ""; VariantName = "[No Variations]"
Add component (AddParameter): Name = "Connector Type"; Value = ""; VariantName = "[No Variations]"
Add component (AddParameter): Name = "Datasheet Link"; Value = "https://suddendocs.samtec.com/prints/ftsh-1xx-xx-xxx-dv-xxx-xxx-x-xx-mkt.pdf?_gl=1*mdiyn1*_ga*MTcyMTUxMTIwMy4xNzEyMDQxMTc2*_ga_3KFNZC07WW*MTcxMjEzMDIxOS4yLjEuMTcxMjEzMDI1NC4yNS4wLjA."; VariantName = "[No Variations]"
Add component (AddParameter): Name = "Design Item ID"; Value = "FTSH-107-01-L-DV-K-TR"; VariantName = "[No Variations]"
Add component (AddParameter): Name = "Gender"; Value = ""; VariantName = "[No Variations]"
Add component (AddParameter): Name = "Geometry.Height"; Value = "6.25mm"; VariantName = "[No Variations]"
Add component (AddParameter): Name = "Manufacturer_Name"; Value = "SAMTEC"; VariantName = "[No Variations]"
Add component (AddParameter): Name = "Manufacturer_Part_Number"; Value = "FTSH-107-01-L-DV-K-TR"; VariantName = "[No Variations]"
Add component (AddParameter): Name = "Max Current Rating"; Value = ""; VariantName = "[No Variations]"
Add component (AddParameter): Name = "Max Operating Temperature"; Value = ""; VariantName = "[No Variations]"
Add component (AddParameter): Name = "Min Operating Temperature"; Value = ""; VariantName = "[No Variations]"
Add component (AddParameter): Name = "Mounting Technology"; Value = ""; VariantName = "[No Variations]"
Add component (AddParameter): Name = "Mouser Part Number"; Value = "200-FTSH10701LDVKTR"; VariantName = "[No Variations]"
Add component (AddParameter): Name = "Mouser Price/Stock"; Value = "https://www.mouser.co.uk/ProductDetail/Samtec/FTSH-107-01-L-DV-K-TR?qs=%252BZP6%2F%252BtExtDlh0wyxE013Q%3D%3D"; VariantName = "[No Variations]"
Add component (AddParameter): Name = "Pins"; Value = ""; VariantName = "[No Variations]"
Add component (AddParameter): Name = "RoHS Compliant"; Value = ""; VariantName = "[No Variations]"
Add component (AddParameter): Name = "Source"; Value = "FTSH-107-01-L-DV-K-TR.SchLib"; VariantName = "[No Variations]"
Add component (AddParameter): Name = "Voltage Rating"; Value = ""; VariantName = "[No Variations]"
Added Component: Designator=J4(FP-B4B-PH-K_LF_SN-MFG)
Add component (AddParameter): Name = "Case/Package"; Value = ""; VariantName = "[No Variations]"
Add component (AddParameter): Name = "Connector Type"; Value = "Male Pin"; VariantName = "[No Variations]"
Add component (AddParameter): Name = "Gender"; Value = ""; VariantName = "[No Variations]"
Add component (AddParameter): Name = "Max Current Rating"; Value = ""; VariantName = "[No Variations]"
Add component (AddParameter): Name = "Max Operating Temperature"; Value = "85°C"; VariantName = "[No Variations]"
Add component (AddParameter): Name = "Min Operating Temperature"; Value = "-25°C"; VariantName = "[No Variations]"
Add component (AddParameter): Name = "Mounting Technology"; Value = "Through Hole"; VariantName = "[No Variations]"
Add component (AddParameter): Name = "Pins"; Value = "4"; VariantName = "[No Variations]"
Add component (AddParameter): Name = "RoHS Compliant"; Value = ""; VariantName = "[No Variations]"
Add component (AddParameter): Name = "Voltage Rating"; Value = "100V"; VariantName = "[No Variations]"
Added Component: Designator=J5(FP-B2B-XH-A_LF_SN-MFG)
Add component (AddParameter): Name = "Case/Package"; Value = ""; VariantName = "[No Variations]"
Add component (AddParameter): Name = "Connector Type"; Value = "Male Pin"; VariantName = "[No Variations]"
Add component (AddParameter): Name = "Gender"; Value = ""; VariantName = "[No Variations]"
Add component (AddParameter): Name = "Max Current Rating"; Value = "3A"; VariantName = "[No Variations]"
Add component (AddParameter): Name = "Max Operating Temperature"; Value = "85°C"; VariantName = "[No Variations]"
Add component (AddParameter): Name = "Min Operating Temperature"; Value = "-25°C"; VariantName = "[No Variations]"
Add component (AddParameter): Name = "Mounting Technology"; Value = "Through Hole"; VariantName = "[No Variations]"
Add component (AddParameter): Name = "Pins"; Value = "2"; VariantName = "[No Variations]"
Add component (AddParameter): Name = "RoHS Compliant"; Value = ""; VariantName = "[No Variations]"
Add component (AddParameter): Name = "Voltage Rating"; Value = "250V"; VariantName = "[No Variations]"
Added Component: Designator=Q1(SOT95P237X112-3N)
Add component (AddParameter): Name = "Case/Package"; Value = ""; VariantName = "[No Variations]"
Add component (AddParameter): Name = "Datasheet Link"; Value = "https://www.infineon.com/dgdl/irlml6344pbf.pdf?fileId=5546d462533600a4015356689c44262c"; VariantName = "[No Variations]"
Add component (AddParameter): Name = "Design Item ID"; Value = "IRLML6344TRPBF"; VariantName = "[No Variations]"
Add component (AddParameter): Name = "Frequency"; Value = ""; VariantName = "[No Variations]"
Add component (AddParameter): Name = "Geometry.Height"; Value = "1.12mm"; VariantName = "[No Variations]"
Add component (AddParameter): Name = "Manufacturer_Name"; Value = "Infineon"; VariantName = "[No Variations]"
Add component (AddParameter): Name = "Manufacturer_Part_Number"; Value = "IRLML6344TRPBF"; VariantName = "[No Variations]"
Add component (AddParameter): Name = "Max Operating Temperature"; Value = ""; VariantName = "[No Variations]"
Add component (AddParameter): Name = "Min Operating Temperature"; Value = ""; VariantName = "[No Variations]"
Add component (AddParameter): Name = "Mounting Technology"; Value = ""; VariantName = "[No Variations]"
Add component (AddParameter): Name = "Mouser Part Number"; Value = "942-IRLML6344TRPBF"; VariantName = "[No Variations]"
Add component (AddParameter): Name = "Mouser Price/Stock"; Value = "https://www.mouser.co.uk/ProductDetail/Infineon-Technologies/IRLML6344TRPBF?qs=9%252BKlkBgLFf2w4qS48UOXVw%3D%3D"; VariantName = "[No Variations]"
Add component (AddParameter): Name = "Nominal Dual Supply"; Value = ""; VariantName = "[No Variations]"
Add component (AddParameter): Name = "Nominal Vgs"; Value = ""; VariantName = "[No Variations]"
Add component (AddParameter): Name = "Pins"; Value = ""; VariantName = "[No Variations]"
Add component (AddParameter): Name = "Power"; Value = ""; VariantName = "[No Variations]"
Add component (AddParameter): Name = "RoHS Compliant"; Value = ""; VariantName = "[No Variations]"
Add component (AddParameter): Name = "Source"; Value = "IRLML6344TRPBF.SchLib"; VariantName = "[No Variations]"
Add component (AddParameter): Name = "Transistor Type"; Value = ""; VariantName = "[No Variations]"
Add component (AddParameter): Name = "Vgs (Max)"; Value = ""; VariantName = "[No Variations]"
Add component (AddParameter): Name = "Vgs(th) (Max) @ Id"; Value = ""; VariantName = "[No Variations]"
Added Component: Designator=Q2(SOT95P237X112-3N)
Add component (AddParameter): Name = "Case/Package"; Value = ""; VariantName = "[No Variations]"
Add component (AddParameter): Name = "Datasheet Link"; Value = "https://www.infineon.com/dgdl/irlml6344pbf.pdf?fileId=5546d462533600a4015356689c44262c"; VariantName = "[No Variations]"
Add component (AddParameter): Name = "Design Item ID"; Value = "IRLML6344TRPBF"; VariantName = "[No Variations]"
Add component (AddParameter): Name = "Frequency"; Value = ""; VariantName = "[No Variations]"
Add component (AddParameter): Name = "Geometry.Height"; Value = "1.12mm"; VariantName = "[No Variations]"
Add component (AddParameter): Name = "Manufacturer_Name"; Value = "Infineon"; VariantName = "[No Variations]"
Add component (AddParameter): Name = "Manufacturer_Part_Number"; Value = "IRLML6344TRPBF"; VariantName = "[No Variations]"
Add component (AddParameter): Name = "Max Operating Temperature"; Value = ""; VariantName = "[No Variations]"
Add component (AddParameter): Name = "Min Operating Temperature"; Value = ""; VariantName = "[No Variations]"
Add component (AddParameter): Name = "Mounting Technology"; Value = ""; VariantName = "[No Variations]"
Add component (AddParameter): Name = "Mouser Part Number"; Value = "942-IRLML6344TRPBF"; VariantName = "[No Variations]"
Add component (AddParameter): Name = "Mouser Price/Stock"; Value = "https://www.mouser.co.uk/ProductDetail/Infineon-Technologies/IRLML6344TRPBF?qs=9%252BKlkBgLFf2w4qS48UOXVw%3D%3D"; VariantName = "[No Variations]"
Add component (AddParameter): Name = "Nominal Dual Supply"; Value = ""; VariantName = "[No Variations]"
Add component (AddParameter): Name = "Nominal Vgs"; Value = ""; VariantName = "[No Variations]"
Add component (AddParameter): Name = "Pins"; Value = ""; VariantName = "[No Variations]"
Add component (AddParameter): Name = "Power"; Value = ""; VariantName = "[No Variations]"
Add component (AddParameter): Name = "RoHS Compliant"; Value = ""; VariantName = "[No Variations]"
Add component (AddParameter): Name = "Source"; Value = "IRLML6344TRPBF.SchLib"; VariantName = "[No Variations]"
Add component (AddParameter): Name = "Transistor Type"; Value = ""; VariantName = "[No Variations]"
Add component (AddParameter): Name = "Vgs (Max)"; Value = ""; VariantName = "[No Variations]"
Add component (AddParameter): Name = "Vgs(th) (Max) @ Id"; Value = ""; VariantName = "[No Variations]"
Added Component: Designator=Q3(SOT95P237X112-3N)
Add component (AddParameter): Name = "Case/Package"; Value = ""; VariantName = "[No Variations]"
Add component (AddParameter): Name = "Datasheet Link"; Value = "https://www.infineon.com/dgdl/irlml6344pbf.pdf?fileId=5546d462533600a4015356689c44262c"; VariantName = "[No Variations]"
Add component (AddParameter): Name = "Design Item ID"; Value = "IRLML6344TRPBF"; VariantName = "[No Variations]"
Add component (AddParameter): Name = "Frequency"; Value = ""; VariantName = "[No Variations]"
Add component (AddParameter): Name = "Geometry.Height"; Value = "1.12mm"; VariantName = "[No Variations]"
Add component (AddParameter): Name = "Manufacturer_Name"; Value = "Infineon"; VariantName = "[No Variations]"
Add component (AddParameter): Name = "Manufacturer_Part_Number"; Value = "IRLML6344TRPBF"; VariantName = "[No Variations]"
Add component (AddParameter): Name = "Max Operating Temperature"; Value = ""; VariantName = "[No Variations]"
Add component (AddParameter): Name = "Min Operating Temperature"; Value = ""; VariantName = "[No Variations]"
Add component (AddParameter): Name = "Mounting Technology"; Value = ""; VariantName = "[No Variations]"
Add component (AddParameter): Name = "Mouser Part Number"; Value = "942-IRLML6344TRPBF"; VariantName = "[No Variations]"
Add component (AddParameter): Name = "Mouser Price/Stock"; Value = "https://www.mouser.co.uk/ProductDetail/Infineon-Technologies/IRLML6344TRPBF?qs=9%252BKlkBgLFf2w4qS48UOXVw%3D%3D"; VariantName = "[No Variations]"
Add component (AddParameter): Name = "Nominal Dual Supply"; Value = ""; VariantName = "[No Variations]"
Add component (AddParameter): Name = "Nominal Vgs"; Value = ""; VariantName = "[No Variations]"
Add component (AddParameter): Name = "Pins"; Value = ""; VariantName = "[No Variations]"
Add component (AddParameter): Name = "Power"; Value = ""; VariantName = "[No Variations]"
Add component (AddParameter): Name = "RoHS Compliant"; Value = ""; VariantName = "[No Variations]"
Add component (AddParameter): Name = "Source"; Value = "IRLML6344TRPBF.SchLib"; VariantName = "[No Variations]"
Add component (AddParameter): Name = "Transistor Type"; Value = ""; VariantName = "[No Variations]"
Add component (AddParameter): Name = "Vgs (Max)"; Value = ""; VariantName = "[No Variations]"
Add component (AddParameter): Name = "Vgs(th) (Max) @ Id"; Value = ""; VariantName = "[No Variations]"
Added Component: Designator=Q4(SOT95P237X112-3N)
Add component (AddParameter): Name = "Case/Package"; Value = ""; VariantName = "[No Variations]"
Add component (AddParameter): Name = "Datasheet Link"; Value = "https://www.infineon.com/dgdl/irlml6344pbf.pdf?fileId=5546d462533600a4015356689c44262c"; VariantName = "[No Variations]"
Add component (AddParameter): Name = "Design Item ID"; Value = "IRLML6344TRPBF"; VariantName = "[No Variations]"
Add component (AddParameter): Name = "Frequency"; Value = ""; VariantName = "[No Variations]"
Add component (AddParameter): Name = "Geometry.Height"; Value = "1.12mm"; VariantName = "[No Variations]"
Add component (AddParameter): Name = "Manufacturer_Name"; Value = "Infineon"; VariantName = "[No Variations]"
Add component (AddParameter): Name = "Manufacturer_Part_Number"; Value = "IRLML6344TRPBF"; VariantName = "[No Variations]"
Add component (AddParameter): Name = "Max Operating Temperature"; Value = ""; VariantName = "[No Variations]"
Add component (AddParameter): Name = "Min Operating Temperature"; Value = ""; VariantName = "[No Variations]"
Add component (AddParameter): Name = "Mounting Technology"; Value = ""; VariantName = "[No Variations]"
Add component (AddParameter): Name = "Mouser Part Number"; Value = "942-IRLML6344TRPBF"; VariantName = "[No Variations]"
Add component (AddParameter): Name = "Mouser Price/Stock"; Value = "https://www.mouser.co.uk/ProductDetail/Infineon-Technologies/IRLML6344TRPBF?qs=9%252BKlkBgLFf2w4qS48UOXVw%3D%3D"; VariantName = "[No Variations]"
Add component (AddParameter): Name = "Nominal Dual Supply"; Value = ""; VariantName = "[No Variations]"
Add component (AddParameter): Name = "Nominal Vgs"; Value = ""; VariantName = "[No Variations]"
Add component (AddParameter): Name = "Pins"; Value = ""; VariantName = "[No Variations]"
Add component (AddParameter): Name = "Power"; Value = ""; VariantName = "[No Variations]"
Add component (AddParameter): Name = "RoHS Compliant"; Value = ""; VariantName = "[No Variations]"
Add component (AddParameter): Name = "Source"; Value = "IRLML6344TRPBF.SchLib"; VariantName = "[No Variations]"
Add component (AddParameter): Name = "Transistor Type"; Value = ""; VariantName = "[No Variations]"
Add component (AddParameter): Name = "Vgs (Max)"; Value = ""; VariantName = "[No Variations]"
Add component (AddParameter): Name = "Vgs(th) (Max) @ Id"; Value = ""; VariantName = "[No Variations]"
Added Component: Designator=Q5(SOT95P237X112-3N)
Add component (AddParameter): Name = "Case/Package"; Value = ""; VariantName = "[No Variations]"
Add component (AddParameter): Name = "Datasheet Link"; Value = "https://www.infineon.com/dgdl/irlml6344pbf.pdf?fileId=5546d462533600a4015356689c44262c"; VariantName = "[No Variations]"
Add component (AddParameter): Name = "Design Item ID"; Value = "IRLML6344TRPBF"; VariantName = "[No Variations]"
Add component (AddParameter): Name = "Frequency"; Value = ""; VariantName = "[No Variations]"
Add component (AddParameter): Name = "Geometry.Height"; Value = "1.12mm"; VariantName = "[No Variations]"
Add component (AddParameter): Name = "Manufacturer_Name"; Value = "Infineon"; VariantName = "[No Variations]"
Add component (AddParameter): Name = "Manufacturer_Part_Number"; Value = "IRLML6344TRPBF"; VariantName = "[No Variations]"
Add component (AddParameter): Name = "Max Operating Temperature"; Value = ""; VariantName = "[No Variations]"
Add component (AddParameter): Name = "Min Operating Temperature"; Value = ""; VariantName = "[No Variations]"
Add component (AddParameter): Name = "Mounting Technology"; Value = ""; VariantName = "[No Variations]"
Add component (AddParameter): Name = "Mouser Part Number"; Value = "942-IRLML6344TRPBF"; VariantName = "[No Variations]"
Add component (AddParameter): Name = "Mouser Price/Stock"; Value = "https://www.mouser.co.uk/ProductDetail/Infineon-Technologies/IRLML6344TRPBF?qs=9%252BKlkBgLFf2w4qS48UOXVw%3D%3D"; VariantName = "[No Variations]"
Add component (AddParameter): Name = "Nominal Dual Supply"; Value = ""; VariantName = "[No Variations]"
Add component (AddParameter): Name = "Nominal Vgs"; Value = ""; VariantName = "[No Variations]"
Add component (AddParameter): Name = "Pins"; Value = ""; VariantName = "[No Variations]"
Add component (AddParameter): Name = "Power"; Value = ""; VariantName = "[No Variations]"
Add component (AddParameter): Name = "RoHS Compliant"; Value = ""; VariantName = "[No Variations]"
Add component (AddParameter): Name = "Source"; Value = "IRLML6344TRPBF.SchLib"; VariantName = "[No Variations]"
Add component (AddParameter): Name = "Transistor Type"; Value = ""; VariantName = "[No Variations]"
Add component (AddParameter): Name = "Vgs (Max)"; Value = ""; VariantName = "[No Variations]"
Add component (AddParameter): Name = "Vgs(th) (Max) @ Id"; Value = ""; VariantName = "[No Variations]"
Added Component: Designator=Q6(SOT95P237X112-3N)
Add component (AddParameter): Name = "Case/Package"; Value = ""; VariantName = "[No Variations]"
Add component (AddParameter): Name = "Datasheet Link"; Value = "https://www.infineon.com/dgdl/irlml6344pbf.pdf?fileId=5546d462533600a4015356689c44262c"; VariantName = "[No Variations]"
Add component (AddParameter): Name = "Design Item ID"; Value = "IRLML6344TRPBF"; VariantName = "[No Variations]"
Add component (AddParameter): Name = "Frequency"; Value = ""; VariantName = "[No Variations]"
Add component (AddParameter): Name = "Geometry.Height"; Value = "1.12mm"; VariantName = "[No Variations]"
Add component (AddParameter): Name = "Manufacturer_Name"; Value = "Infineon"; VariantName = "[No Variations]"
Add component (AddParameter): Name = "Manufacturer_Part_Number"; Value = "IRLML6344TRPBF"; VariantName = "[No Variations]"
Add component (AddParameter): Name = "Max Operating Temperature"; Value = ""; VariantName = "[No Variations]"
Add component (AddParameter): Name = "Min Operating Temperature"; Value = ""; VariantName = "[No Variations]"
Add component (AddParameter): Name = "Mounting Technology"; Value = ""; VariantName = "[No Variations]"
Add component (AddParameter): Name = "Mouser Part Number"; Value = "942-IRLML6344TRPBF"; VariantName = "[No Variations]"
Add component (AddParameter): Name = "Mouser Price/Stock"; Value = "https://www.mouser.co.uk/ProductDetail/Infineon-Technologies/IRLML6344TRPBF?qs=9%252BKlkBgLFf2w4qS48UOXVw%3D%3D"; VariantName = "[No Variations]"
Add component (AddParameter): Name = "Nominal Dual Supply"; Value = ""; VariantName = "[No Variations]"
Add component (AddParameter): Name = "Nominal Vgs"; Value = ""; VariantName = "[No Variations]"
Add component (AddParameter): Name = "Pins"; Value = ""; VariantName = "[No Variations]"
Add component (AddParameter): Name = "Power"; Value = ""; VariantName = "[No Variations]"
Add component (AddParameter): Name = "RoHS Compliant"; Value = ""; VariantName = "[No Variations]"
Add component (AddParameter): Name = "Source"; Value = "IRLML6344TRPBF.SchLib"; VariantName = "[No Variations]"
Add component (AddParameter): Name = "Transistor Type"; Value = ""; VariantName = "[No Variations]"
Add component (AddParameter): Name = "Vgs (Max)"; Value = ""; VariantName = "[No Variations]"
Add component (AddParameter): Name = "Vgs(th) (Max) @ Id"; Value = ""; VariantName = "[No Variations]"
Added Component: Designator=R1(RES_0402)
Add component (AddParameter): Name = "Distributor Link"; Value = ""; VariantName = "[No Variations]"
Add component (AddParameter): Name = "LCSC"; Value = ""; VariantName = "[No Variations]"
Add component (AddParameter): Name = "Manufacturer"; Value = ""; VariantName = "[No Variations]"
Add component (AddParameter): Name = "Manufacturer Part Number"; Value = ""; VariantName = "[No Variations]"
Added Component: Designator=R2(RES_0603)
Add component (AddParameter): Name = "Distributor Link"; Value = ""; VariantName = "[No Variations]"
Add component (AddParameter): Name = "LCSC"; Value = ""; VariantName = "[No Variations]"
Add component (AddParameter): Name = "Manufacturer"; Value = ""; VariantName = "[No Variations]"
Add component (AddParameter): Name = "Manufacturer Part Number"; Value = ""; VariantName = "[No Variations]"
Added Component: Designator=R3(RES_0603)
Add component (AddParameter): Name = "Distributor Link"; Value = ""; VariantName = "[No Variations]"
Add component (AddParameter): Name = "LCSC"; Value = ""; VariantName = "[No Variations]"
Add component (AddParameter): Name = "Manufacturer"; Value = ""; VariantName = "[No Variations]"
Add component (AddParameter): Name = "Manufacturer Part Number"; Value = ""; VariantName = "[No Variations]"
Added Component: Designator=R4(RES_0603)
Add component (AddParameter): Name = "Distributor Link"; Value = ""; VariantName = "[No Variations]"
Add component (AddParameter): Name = "LCSC"; Value = ""; VariantName = "[No Variations]"
Add component (AddParameter): Name = "Manufacturer"; Value = ""; VariantName = "[No Variations]"
Add component (AddParameter): Name = "Manufacturer Part Number"; Value = ""; VariantName = "[No Variations]"
Added Component: Designator=R5(RES_0603)
Add component (AddParameter): Name = "Distributor Link"; Value = ""; VariantName = "[No Variations]"
Add component (AddParameter): Name = "LCSC"; Value = ""; VariantName = "[No Variations]"
Add component (AddParameter): Name = "Manufacturer"; Value = ""; VariantName = "[No Variations]"
Add component (AddParameter): Name = "Manufacturer Part Number"; Value = ""; VariantName = "[No Variations]"
Added Component: Designator=R6(RES_0603)
Add component (AddParameter): Name = "Distributor Link"; Value = ""; VariantName = "[No Variations]"
Add component (AddParameter): Name = "LCSC"; Value = ""; VariantName = "[No Variations]"
Add component (AddParameter): Name = "Manufacturer"; Value = ""; VariantName = "[No Variations]"
Add component (AddParameter): Name = "Manufacturer Part Number"; Value = ""; VariantName = "[No Variations]"
Added Component: Designator=R7(RES_0603)
Add component (AddParameter): Name = "Distributor Link"; Value = ""; VariantName = "[No Variations]"
Add component (AddParameter): Name = "LCSC"; Value = ""; VariantName = "[No Variations]"
Add component (AddParameter): Name = "Manufacturer"; Value = ""; VariantName = "[No Variations]"
Add component (AddParameter): Name = "Manufacturer Part Number"; Value = ""; VariantName = "[No Variations]"
Added Component: Designator=R8(RES_0603)
Add component (AddParameter): Name = "Distributor Link"; Value = ""; VariantName = "[No Variations]"
Add component (AddParameter): Name = "LCSC"; Value = ""; VariantName = "[No Variations]"
Add component (AddParameter): Name = "Manufacturer"; Value = ""; VariantName = "[No Variations]"
Add component (AddParameter): Name = "Manufacturer Part Number"; Value = ""; VariantName = "[No Variations]"
Added Component: Designator=R9(RES_1206)
Add component (AddParameter): Name = "Distributor Link"; Value = ""; VariantName = "[No Variations]"
Add component (AddParameter): Name = "LCSC"; Value = ""; VariantName = "[No Variations]"
Add component (AddParameter): Name = "Manufacturer"; Value = ""; VariantName = "[No Variations]"
Add component (AddParameter): Name = "Manufacturer Part Number"; Value = ""; VariantName = "[No Variations]"
Added Component: Designator=R10(RES_0603)
Add component (AddParameter): Name = "Distributor Link"; Value = ""; VariantName = "[No Variations]"
Add component (AddParameter): Name = "LCSC"; Value = ""; VariantName = "[No Variations]"
Add component (AddParameter): Name = "Manufacturer"; Value = ""; VariantName = "[No Variations]"
Add component (AddParameter): Name = "Manufacturer Part Number"; Value = ""; VariantName = "[No Variations]"
Added Component: Designator=R11(RES_0603)
Add component (AddParameter): Name = "Distributor Link"; Value = ""; VariantName = "[No Variations]"
Add component (AddParameter): Name = "LCSC"; Value = ""; VariantName = "[No Variations]"
Add component (AddParameter): Name = "Manufacturer"; Value = ""; VariantName = "[No Variations]"
Add component (AddParameter): Name = "Manufacturer Part Number"; Value = ""; VariantName = "[No Variations]"
Added Component: Designator=R12(RES_1206)
Add component (AddParameter): Name = "Distributor Link"; Value = ""; VariantName = "[No Variations]"
Add component (AddParameter): Name = "LCSC"; Value = ""; VariantName = "[No Variations]"
Add component (AddParameter): Name = "Manufacturer"; Value = ""; VariantName = "[No Variations]"
Add component (AddParameter): Name = "Manufacturer Part Number"; Value = ""; VariantName = "[No Variations]"
Added Component: Designator=R13(RES_0603)
Add component (AddParameter): Name = "Distributor Link"; Value = ""; VariantName = "[No Variations]"
Add component (AddParameter): Name = "LCSC"; Value = ""; VariantName = "[No Variations]"
Add component (AddParameter): Name = "Manufacturer"; Value = ""; VariantName = "[No Variations]"
Add component (AddParameter): Name = "Manufacturer Part Number"; Value = ""; VariantName = "[No Variations]"
Added Component: Designator=R14(RES_0603)
Add component (AddParameter): Name = "Distributor Link"; Value = ""; VariantName = "[No Variations]"
Add component (AddParameter): Name = "LCSC"; Value = ""; VariantName = "[No Variations]"
Add component (AddParameter): Name = "Manufacturer"; Value = ""; VariantName = "[No Variations]"
Add component (AddParameter): Name = "Manufacturer Part Number"; Value = ""; VariantName = "[No Variations]"
Added Component: Designator=R15(RES_1206)
Add component (AddParameter): Name = "Distributor Link"; Value = ""; VariantName = "[No Variations]"
Add component (AddParameter): Name = "LCSC"; Value = ""; VariantName = "[No Variations]"
Add component (AddParameter): Name = "Manufacturer"; Value = ""; VariantName = "[No Variations]"
Add component (AddParameter): Name = "Manufacturer Part Number"; Value = ""; VariantName = "[No Variations]"
Added Component: Designator=R16(RES_0603)
Add component (AddParameter): Name = "Distributor Link"; Value = ""; VariantName = "[No Variations]"
Add component (AddParameter): Name = "LCSC"; Value = ""; VariantName = "[No Variations]"
Add component (AddParameter): Name = "Manufacturer"; Value = ""; VariantName = "[No Variations]"
Add component (AddParameter): Name = "Manufacturer Part Number"; Value = ""; VariantName = "[No Variations]"
Added Component: Designator=R17(RES_0603)
Add component (AddParameter): Name = "Distributor Link"; Value = ""; VariantName = "[No Variations]"
Add component (AddParameter): Name = "LCSC"; Value = ""; VariantName = "[No Variations]"
Add component (AddParameter): Name = "Manufacturer"; Value = ""; VariantName = "[No Variations]"
Add component (AddParameter): Name = "Manufacturer Part Number"; Value = ""; VariantName = "[No Variations]"
Added Component: Designator=R18(RES_1206)
Add component (AddParameter): Name = "Distributor Link"; Value = ""; VariantName = "[No Variations]"
Add component (AddParameter): Name = "LCSC"; Value = ""; VariantName = "[No Variations]"
Add component (AddParameter): Name = "Manufacturer"; Value = ""; VariantName = "[No Variations]"
Add component (AddParameter): Name = "Manufacturer Part Number"; Value = ""; VariantName = "[No Variations]"
Added Component: Designator=R19(RES_0603)
Add component (AddParameter): Name = "Distributor Link"; Value = ""; VariantName = "[No Variations]"
Add component (AddParameter): Name = "LCSC"; Value = ""; VariantName = "[No Variations]"
Add component (AddParameter): Name = "Manufacturer"; Value = ""; VariantName = "[No Variations]"
Add component (AddParameter): Name = "Manufacturer Part Number"; Value = ""; VariantName = "[No Variations]"
Added Component: Designator=R20(RES_0603)
Add component (AddParameter): Name = "Distributor Link"; Value = ""; VariantName = "[No Variations]"
Add component (AddParameter): Name = "LCSC"; Value = ""; VariantName = "[No Variations]"
Add component (AddParameter): Name = "Manufacturer"; Value = ""; VariantName = "[No Variations]"
Add component (AddParameter): Name = "Manufacturer Part Number"; Value = ""; VariantName = "[No Variations]"
Added Component: Designator=R21(RES_1206)
Add component (AddParameter): Name = "Distributor Link"; Value = ""; VariantName = "[No Variations]"
Add component (AddParameter): Name = "LCSC"; Value = ""; VariantName = "[No Variations]"
Add component (AddParameter): Name = "Manufacturer"; Value = ""; VariantName = "[No Variations]"
Add component (AddParameter): Name = "Manufacturer Part Number"; Value = ""; VariantName = "[No Variations]"
Added Component: Designator=R22(RES_0603)
Add component (AddParameter): Name = "Distributor Link"; Value = ""; VariantName = "[No Variations]"
Add component (AddParameter): Name = "LCSC"; Value = ""; VariantName = "[No Variations]"
Add component (AddParameter): Name = "Manufacturer"; Value = ""; VariantName = "[No Variations]"
Add component (AddParameter): Name = "Manufacturer Part Number"; Value = ""; VariantName = "[No Variations]"
Added Component: Designator=R23(RES_0603)
Add component (AddParameter): Name = "Distributor Link"; Value = ""; VariantName = "[No Variations]"
Add component (AddParameter): Name = "LCSC"; Value = ""; VariantName = "[No Variations]"
Add component (AddParameter): Name = "Manufacturer"; Value = ""; VariantName = "[No Variations]"
Add component (AddParameter): Name = "Manufacturer Part Number"; Value = ""; VariantName = "[No Variations]"
Added Component: Designator=R24(RES_1206)
Add component (AddParameter): Name = "Distributor Link"; Value = ""; VariantName = "[No Variations]"
Add component (AddParameter): Name = "LCSC"; Value = ""; VariantName = "[No Variations]"
Add component (AddParameter): Name = "Manufacturer"; Value = ""; VariantName = "[No Variations]"
Add component (AddParameter): Name = "Manufacturer Part Number"; Value = ""; VariantName = "[No Variations]"
Added Component: Designator=R25(RES_0603)
Add component (AddParameter): Name = "Distributor Link"; Value = ""; VariantName = "[No Variations]"
Add component (AddParameter): Name = "LCSC"; Value = ""; VariantName = "[No Variations]"
Add component (AddParameter): Name = "Manufacturer"; Value = ""; VariantName = "[No Variations]"
Add component (AddParameter): Name = "Manufacturer Part Number"; Value = ""; VariantName = "[No Variations]"
Added Component: Designator=R26(RES_0603)
Add component (AddParameter): Name = "Distributor Link"; Value = ""; VariantName = "[No Variations]"
Add component (AddParameter): Name = "LCSC"; Value = ""; VariantName = "[No Variations]"
Add component (AddParameter): Name = "Manufacturer"; Value = ""; VariantName = "[No Variations]"
Add component (AddParameter): Name = "Manufacturer Part Number"; Value = ""; VariantName = "[No Variations]"
Added Component: Designator=R27(RES_0603)
Add component (AddParameter): Name = "Distributor Link"; Value = ""; VariantName = "[No Variations]"
Add component (AddParameter): Name = "LCSC"; Value = ""; VariantName = "[No Variations]"
Add component (AddParameter): Name = "Manufacturer"; Value = ""; VariantName = "[No Variations]"
Add component (AddParameter): Name = "Manufacturer Part Number"; Value = ""; VariantName = "[No Variations]"
Added Component: Designator=R28(RES_0603)
Add component (AddParameter): Name = "Distributor Link"; Value = ""; VariantName = "[No Variations]"
Add component (AddParameter): Name = "LCSC"; Value = ""; VariantName = "[No Variations]"
Add component (AddParameter): Name = "Manufacturer"; Value = ""; VariantName = "[No Variations]"
Add component (AddParameter): Name = "Manufacturer Part Number"; Value = ""; VariantName = "[No Variations]"
Added Component: Designator=R29(RES_0603)
Add component (AddParameter): Name = "Distributor Link"; Value = ""; VariantName = "[No Variations]"
Add component (AddParameter): Name = "LCSC"; Value = ""; VariantName = "[No Variations]"
Add component (AddParameter): Name = "Manufacturer"; Value = ""; VariantName = "[No Variations]"
Add component (AddParameter): Name = "Manufacturer Part Number"; Value = ""; VariantName = "[No Variations]"
Added Component: Designator=R30(RES_0603)
Add component (AddParameter): Name = "Distributor Link"; Value = ""; VariantName = "[No Variations]"
Add component (AddParameter): Name = "LCSC"; Value = ""; VariantName = "[No Variations]"
Add component (AddParameter): Name = "Manufacturer"; Value = ""; VariantName = "[No Variations]"
Add component (AddParameter): Name = "Manufacturer Part Number"; Value = ""; VariantName = "[No Variations]"
Added Component: Designator=R31(RES_0603)
Add component (AddParameter): Name = "Distributor Link"; Value = ""; VariantName = "[No Variations]"
Add component (AddParameter): Name = "LCSC"; Value = ""; VariantName = "[No Variations]"
Add component (AddParameter): Name = "Manufacturer"; Value = ""; VariantName = "[No Variations]"
Add component (AddParameter): Name = "Manufacturer Part Number"; Value = ""; VariantName = "[No Variations]"
Added Component: Designator=R32(RES_0603)
Add component (AddParameter): Name = "Distributor Link"; Value = ""; VariantName = "[No Variations]"
Add component (AddParameter): Name = "LCSC"; Value = ""; VariantName = "[No Variations]"
Add component (AddParameter): Name = "Manufacturer"; Value = ""; VariantName = "[No Variations]"
Add component (AddParameter): Name = "Manufacturer Part Number"; Value = ""; VariantName = "[No Variations]"
Added Component: Designator=R33(RES_0603)
Add component (AddParameter): Name = "Distributor Link"; Value = ""; VariantName = "[No Variations]"
Add component (AddParameter): Name = "LCSC"; Value = ""; VariantName = "[No Variations]"
Add component (AddParameter): Name = "Manufacturer"; Value = ""; VariantName = "[No Variations]"
Add component (AddParameter): Name = "Manufacturer Part Number"; Value = ""; VariantName = "[No Variations]"
Added Component: Designator=R34(RES_0603)
Add component (AddParameter): Name = "Distributor Link"; Value = ""; VariantName = "[No Variations]"
Add component (AddParameter): Name = "LCSC"; Value = ""; VariantName = "[No Variations]"
Add component (AddParameter): Name = "Manufacturer"; Value = ""; VariantName = "[No Variations]"
Add component (AddParameter): Name = "Manufacturer Part Number"; Value = ""; VariantName = "[No Variations]"
Added Component: Designator=R35(RES_0603)
Add component (AddParameter): Name = "Distributor Link"; Value = ""; VariantName = "[No Variations]"
Add component (AddParameter): Name = "LCSC"; Value = ""; VariantName = "[No Variations]"
Add component (AddParameter): Name = "Manufacturer"; Value = ""; VariantName = "[No Variations]"
Add component (AddParameter): Name = "Manufacturer Part Number"; Value = ""; VariantName = "[No Variations]"
Added Component: Designator=R36(RES_0603)
Add component (AddParameter): Name = "Distributor Link"; Value = ""; VariantName = "[No Variations]"
Add component (AddParameter): Name = "LCSC"; Value = ""; VariantName = "[No Variations]"
Add component (AddParameter): Name = "Manufacturer"; Value = ""; VariantName = "[No Variations]"
Add component (AddParameter): Name = "Manufacturer Part Number"; Value = ""; VariantName = "[No Variations]"
Added Component: Designator=R37(RES_0603)
Add component (AddParameter): Name = "Distributor Link"; Value = ""; VariantName = "[No Variations]"
Add component (AddParameter): Name = "LCSC"; Value = ""; VariantName = "[No Variations]"
Add component (AddParameter): Name = "Manufacturer"; Value = ""; VariantName = "[No Variations]"
Add component (AddParameter): Name = "Manufacturer Part Number"; Value = ""; VariantName = "[No Variations]"
Added Component: Designator=S1(SW_SLW-864574-5A-RA-N-D)
Add component (AddParameter): Name = "Availability"; Value = "Unavailable"; VariantName = "[No Variations]"
Add component (AddParameter): Name = "Case/Package"; Value = ""; VariantName = "[No Variations]"
Add component (AddParameter): Name = "Component Type"; Value = "Standard"; VariantName = "[No Variations]"
Add component (AddParameter): Name = "Current Rating"; Value = ""; VariantName = "[No Variations]"
Add component (AddParameter): Name = "Design Item ID"; Value = "SLW-864574-5A-RA-N-D"; VariantName = "[No Variations]"
Add component (AddParameter): Name = "Max Current Rating"; Value = ""; VariantName = "[No Variations]"
Add component (AddParameter): Name = "Max Operating Temperature"; Value = ""; VariantName = "[No Variations]"
Add component (AddParameter): Name = "MF"; Value = "{'manufacturer': u'Same Sky (Formerly CUI Devices)'}"; VariantName = "[No Variations]"
Add component (AddParameter): Name = "Min Operating Temperature"; Value = ""; VariantName = "[No Variations]"
Add component (AddParameter): Name = "Mounting Technology"; Value = ""; VariantName = "[No Variations]"
Add component (AddParameter): Name = "MP"; Value = "SLW-864574-5A-RA-N-D"; VariantName = "[No Variations]"
Add component (AddParameter): Name = "Package"; Value = "None"; VariantName = "[No Variations]"
Add component (AddParameter): Name = "Pin Count"; Value = "3"; VariantName = "[No Variations]"
Add component (AddParameter): Name = "Pins"; Value = ""; VariantName = "[No Variations]"
Add component (AddParameter): Name = "Price"; Value = "None"; VariantName = "[No Variations]"
Add component (AddParameter): Name = "RoHS Compliant"; Value = ""; VariantName = "[No Variations]"
Add component (AddParameter): Name = "Source"; Value = "SLW-864574-5A-RA-N-D.SchLib"; VariantName = "[No Variations]"
Add component (AddParameter): Name = "Throw Configuration"; Value = ""; VariantName = "[No Variations]"
Add component (AddParameter): Name = "Value"; Value = ""; VariantName = "[No Variations]"
Add component (AddParameter): Name = "Voltage Rating"; Value = ""; VariantName = "[No Variations]"
Added Component: Designator=SW1(434123025826)
Add component (AddParameter): Name = "Case/Package"; Value = ""; VariantName = "[No Variations]"
Add component (AddParameter): Name = "Current Rating"; Value = "50mA"; VariantName = "[No Variations]"
Add component (AddParameter): Name = "Max Current Rating"; Value = ""; VariantName = "[No Variations]"
Add component (AddParameter): Name = "Max Operating Temperature"; Value = "85°C"; VariantName = "[No Variations]"
Add component (AddParameter): Name = "Min Operating Temperature"; Value = "-40°C"; VariantName = "[No Variations]"
Add component (AddParameter): Name = "Mounting Technology"; Value = "Surface Mount"; VariantName = "[No Variations]"
Add component (AddParameter): Name = "Pins"; Value = ""; VariantName = "[No Variations]"
Add component (AddParameter): Name = "RoHS Compliant"; Value = "Yes"; VariantName = "[No Variations]"
Add component (AddParameter): Name = "Throw Configuration"; Value = "SPST"; VariantName = "[No Variations]"
Add component (AddParameter): Name = "Voltage Rating"; Value = "16V"; VariantName = "[No Variations]"
Added Component: Designator=SW2(434123025826)
Add component (AddParameter): Name = "Case/Package"; Value = ""; VariantName = "[No Variations]"
Add component (AddParameter): Name = "Current Rating"; Value = "50mA"; VariantName = "[No Variations]"
Add component (AddParameter): Name = "Max Current Rating"; Value = ""; VariantName = "[No Variations]"
Add component (AddParameter): Name = "Max Operating Temperature"; Value = "85°C"; VariantName = "[No Variations]"
Add component (AddParameter): Name = "Min Operating Temperature"; Value = "-40°C"; VariantName = "[No Variations]"
Add component (AddParameter): Name = "Mounting Technology"; Value = "Surface Mount"; VariantName = "[No Variations]"
Add component (AddParameter): Name = "Pins"; Value = ""; VariantName = "[No Variations]"
Add component (AddParameter): Name = "RoHS Compliant"; Value = "Yes"; VariantName = "[No Variations]"
Add component (AddParameter): Name = "Throw Configuration"; Value = "SPST"; VariantName = "[No Variations]"
Add component (AddParameter): Name = "Voltage Rating"; Value = "16V"; VariantName = "[No Variations]"
Added Component: Designator=U1(FP-STM32G474CET6-MFG)
Add component (AddParameter): Name = "Ambient Temperature Range High"; Value = "+85°C"; VariantName = "[No Variations]"
Add component (AddParameter): Name = "Ambient Temperature Range Low"; Value = "-40°C"; VariantName = "[No Variations]"
Add component (AddParameter): Name = "Automotive"; Value = "No"; VariantName = "[No Variations]"
Add component (AddParameter): Name = "Category"; Value = "IC"; VariantName = "[No Variations]"
Add component (AddParameter): Name = "ComponentLink2Description"; Value = "Datasheet"; VariantName = "[No Variations]"
Add component (AddParameter): Name = "ComponentLink2URL"; Value = "https://www.st.com/resource/en/datasheet/stm32g474ce.pdf"; VariantName = "[No Variations]"
Add component (AddParameter): Name = "Core Architecture"; Value = "ARM Cortex-M4"; VariantName = "[No Variations]"
Add component (AddParameter): Name = "Data Bus Width"; Value = "32bits"; VariantName = "[No Variations]"
Add component (AddParameter): Name = "Device Class L1"; Value = "Integrated Circuits (ICs)"; VariantName = "[No Variations]"
Add component (AddParameter): Name = "Device Class L2"; Value = "Embedded Processors and Controllers"; VariantName = "[No Variations]"
Add component (AddParameter): Name = "Device Class L3"; Value = "Microcontrollers"; VariantName = "[No Variations]"
Add component (AddParameter): Name = "Digikey Description"; Value = "MAINSTREAM ARM CORTEX-M4 CORE WI"; VariantName = "[No Variations]"
Add component (AddParameter): Name = "Frequency"; Value = "170MHz"; VariantName = "[No Variations]"
Add component (AddParameter): Name = "Height"; Value = "1.6mm"; VariantName = "[No Variations]"
Add component (AddParameter): Name = "Interface"; Value = "I2C,SPI,UART,USART,CAN,USB,LIN,IrDA,I2S,SMBus,Other"; VariantName = "[No Variations]"
Add component (AddParameter): Name = "Lead Free"; Value = "Yes"; VariantName = "[No Variations]"
Add component (AddParameter): Name = "Manufacturer"; Value = "STMicroelectronics"; VariantName = "[No Variations]"
Add component (AddParameter): Name = "Manufacturer Part Number"; Value = "STM32G474CET6"; VariantName = "[No Variations]"
Add component (AddParameter): Name = "Max Junction Temp"; Value = "+105°C"; VariantName = "[No Variations]"
Add component (AddParameter): Name = "Max Supply Voltage"; Value = "3.6V"; VariantName = "[No Variations]"
Add component (AddParameter): Name = "Memory Size"; Value = "512KBytes"; VariantName = "[No Variations]"
Add component (AddParameter): Name = "Memory Type"; Value = "FLASH"; VariantName = "[No Variations]"
Add component (AddParameter): Name = "Min Supply Voltage"; Value = "1.62V"; VariantName = "[No Variations]"
Add component (AddParameter): Name = "Mouser Description"; Value = "Cortex M4 512K LQFP48 85°C"; VariantName = "[No Variations]"
Add component (AddParameter): Name = "Number Of A/D Converters"; Value = "5"; VariantName = "[No Variations]"
Add component (AddParameter): Name = "Number Of Adc Channels"; Value = "20"; VariantName = "[No Variations]"
Add component (AddParameter): Name = "Number Of Cores"; Value = "1"; VariantName = "[No Variations]"
Add component (AddParameter): Name = "Number Of I2C Channels"; Value = "4"; VariantName = "[No Variations]"
Add component (AddParameter): Name = "Number Of I/Os"; Value = "38"; VariantName = "[No Variations]"
Add component (AddParameter): Name = "Number Of Pwm Channels"; Value = "12"; VariantName = "[No Variations]"
Add component (AddParameter): Name = "Number Of Spi Channels"; Value = "3"; VariantName = "[No Variations]"
Add component (AddParameter): Name = "Number Of Timers/Counters"; Value = "14"; VariantName = "[No Variations]"
Add component (AddParameter): Name = "Number Of Uart Channels"; Value = "4"; VariantName = "[No Variations]"
Add component (AddParameter): Name = "Number Of Usb Channels"; Value = "1"; VariantName = "[No Variations]"
Add component (AddParameter): Name = "Octopart"; Value = "https://octopart.com/stm32g474cet6-stmicroelectronics-99072248"; VariantName = "[No Variations]"
Add component (AddParameter): Name = "Package"; Value = "LQFP48"; VariantName = "[No Variations]"
Add component (AddParameter): Name = "Ram Size"; Value = "128KBytes"; VariantName = "[No Variations]"
Add component (AddParameter): Name = "RoHS"; Value = "TRUE"; VariantName = "[No Variations]"
Add component (AddParameter): Name = "Standoff Height"; Value = "0.05mm"; VariantName = "[No Variations]"
Add component (AddParameter): Name = "Temperature"; Value = "-40°C to +85°C"; VariantName = "[No Variations]"
Add component (AddParameter): Name = "Temperature Range High"; Value = "+85°C"; VariantName = "[No Variations]"
Add component (AddParameter): Name = "Temperature Range Low"; Value = "-40°C"; VariantName = "[No Variations]"
Added Component: Designator=U2(FP-DBV0005A-MFG)
Add component (AddParameter): Name = "RoHS Compliant"; Value = "Yes"; VariantName = "[No Variations]"
Added Component: Designator=U3(XDCR_LSM6DSO32TR)
Add component (AddParameter): Name = "Case/Package"; Value = ""; VariantName = "[No Variations]"
Add component (AddParameter): Name = "Check_prices"; Value = "https://www.snapeda.com/parts/LSM6DSO32TR/STMicroelectronics/view-part/?ref=eda"; VariantName = "[No Variations]"
Add component (AddParameter): Name = "Component Type"; Value = "Standard"; VariantName = "[No Variations]"
Add component (AddParameter): Name = "Design Item ID"; Value = "LSM6DSO32TR"; VariantName = "[No Variations]"
Add component (AddParameter): Name = "Max Operating Temperature"; Value = ""; VariantName = "[No Variations]"
Add component (AddParameter): Name = "Max Supply Voltage"; Value = ""; VariantName = "[No Variations]"
Add component (AddParameter): Name = "MF"; Value = "STMicroelectronics"; VariantName = "[No Variations]"
Add component (AddParameter): Name = "Min Operating Temperature"; Value = ""; VariantName = "[No Variations]"
Add component (AddParameter): Name = "Min Supply Voltage"; Value = ""; VariantName = "[No Variations]"
Add component (AddParameter): Name = "Mounting Technology"; Value = ""; VariantName = "[No Variations]"
Add component (AddParameter): Name = "MP"; Value = "LSM6DSO32TR"; VariantName = "[No Variations]"
Add component (AddParameter): Name = "Nominal Supply Current"; Value = ""; VariantName = "[No Variations]"
Add component (AddParameter): Name = "Nominal Supply Voltage"; Value = ""; VariantName = "[No Variations]"
Add component (AddParameter): Name = "Output Current"; Value = ""; VariantName = "[No Variations]"
Add component (AddParameter): Name = "Package"; Value = "VFLGA-14 STMicroelectronics"; VariantName = "[No Variations]"
Add component (AddParameter): Name = "Pin Count"; Value = "14"; VariantName = "[No Variations]"
Add component (AddParameter): Name = "Pins"; Value = ""; VariantName = "[No Variations]"
Add component (AddParameter): Name = "RoHS Compliant"; Value = ""; VariantName = "[No Variations]"
Add component (AddParameter): Name = "Sensor Type"; Value = ""; VariantName = "[No Variations]"
Add component (AddParameter): Name = "SnapEDA_Link"; Value = "https://www.snapeda.com/parts/LSM6DSO32TR/STMicroelectronics/view-part/?ref=snap"; VariantName = "[No Variations]"
Add component (AddParameter): Name = "Source"; Value = "LSM6DSO32TR.SchLib"; VariantName = "[No Variations]"
Add component (AddParameter): Name = "Value"; Value = ""; VariantName = "[No Variations]"
Added Component: Designator=U4(ADAI-WS2812B_V)
Add component (AddParameter): Name = "Case/Package"; Value = "WS2812B"; VariantName = "[No Variations]"
Add component (AddParameter): Name = "Colour"; Value = ""; VariantName = "[No Variations]"
Add component (AddParameter): Name = "Datasheet URL"; Value = "https://cdn-shop.adafruit.com/datasheets/WS2812B.pdf"; VariantName = "[No Variations]"
Add component (AddParameter): Name = "Datasheet Version"; Value = "May-13"; VariantName = "[No Variations]"
Add component (AddParameter): Name = "Forward Current"; Value = ""; VariantName = "[No Variations]"
Add component (AddParameter): Name = "Forward Voltage"; Value = ""; VariantName = "[No Variations]"
Add component (AddParameter): Name = "Manufacturer"; Value = "Adafruit Industries"; VariantName = "[No Variations]"
Add component (AddParameter): Name = "Manufacturer URL"; Value = "https://www.adafruit.com/"; VariantName = "[No Variations]"
Add component (AddParameter): Name = "Max Operating Temperature"; Value = ""; VariantName = "[No Variations]"
Add component (AddParameter): Name = "Max Power Dissipation"; Value = ""; VariantName = "[No Variations]"
Add component (AddParameter): Name = "Min Operating Temperature"; Value = ""; VariantName = "[No Variations]"
Add component (AddParameter): Name = "Mounting Technology"; Value = "SM"; VariantName = "[No Variations]"
Add component (AddParameter): Name = "Nominal Vf"; Value = ""; VariantName = "[No Variations]"
Add component (AddParameter): Name = "Package Description"; Value = "4-Pin Surface Mount Device, Body 5 x 5 mm, Pitch 3.3 mm"; VariantName = "[No Variations]"
Add component (AddParameter): Name = "Package Reference"; Value = "WS2812B"; VariantName = "[No Variations]"
Add component (AddParameter): Name = "Pins"; Value = ""; VariantName = "[No Variations]"
Add component (AddParameter): Name = "Power"; Value = ""; VariantName = "[No Variations]"
Add component (AddParameter): Name = "RoHS Compliant"; Value = "False"; VariantName = "[No Variations]"
Added Component: Designator=VR1(VREG_TPSM863252RDXR)
Add component (AddParameter): Name = "Case/Package"; Value = ""; VariantName = "[No Variations]"
Add component (AddParameter): Name = "Check_prices"; Value = "https://www.snapeda.com/parts/TPSM863252RDXR/Texas+Instruments/view-part/?ref=eda"; VariantName = "[No Variations]"
Add component (AddParameter): Name = "Component Type"; Value = "Standard"; VariantName = "[No Variations]"
Add component (AddParameter): Name = "Design Item ID"; Value = "TPSM863252RDXR"; VariantName = "[No Variations]"
Add component (AddParameter): Name = "Dropout Voltage"; Value = ""; VariantName = "[No Variations]"
Add component (AddParameter): Name = "Frequency"; Value = ""; VariantName = "[No Variations]"
Add component (AddParameter): Name = "Max Operating Temperature"; Value = ""; VariantName = "[No Variations]"
Add component (AddParameter): Name = "Max Power Dissipation"; Value = ""; VariantName = "[No Variations]"
Add component (AddParameter): Name = "Max Supply Voltage"; Value = ""; VariantName = "[No Variations]"
Add component (AddParameter): Name = "MF"; Value = "Texas Instruments"; VariantName = "[No Variations]"
Add component (AddParameter): Name = "Min Operating Temperature"; Value = ""; VariantName = "[No Variations]"
Add component (AddParameter): Name = "Min Supply Voltage"; Value = ""; VariantName = "[No Variations]"
Add component (AddParameter): Name = "Mounting Technology"; Value = ""; VariantName = "[No Variations]"
Add component (AddParameter): Name = "MP"; Value = "TPSM863252RDXR"; VariantName = "[No Variations]"
Add component (AddParameter): Name = "Nominal Supply Current"; Value = ""; VariantName = "[No Variations]"
Add component (AddParameter): Name = "Output Current"; Value = ""; VariantName = "[No Variations]"
Add component (AddParameter): Name = "Output Voltage"; Value = ""; VariantName = "[No Variations]"
Add component (AddParameter): Name = "Package"; Value = "PowerFQFN-7 Texas Instruments"; VariantName = "[No Variations]"
Add component (AddParameter): Name = "Pin Count"; Value = "7"; VariantName = "[No Variations]"
Add component (AddParameter): Name = "Pins"; Value = ""; VariantName = "[No Variations]"
Add component (AddParameter): Name = "RoHS Compliant"; Value = ""; VariantName = "[No Variations]"
Add component (AddParameter): Name = "SnapEDA_Link"; Value = "https://www.snapeda.com/parts/TPSM863252RDXR/Texas+Instruments/view-part/?ref=snap"; VariantName = "[No Variations]"
Add component (AddParameter): Name = "Source"; Value = "TPSM863252RDXR.SchLib"; VariantName = "[No Variations]"
Add component (AddParameter): Name = "Value"; Value = ""; VariantName = "[No Variations]"
Added Component: Designator=X1(CX2016FB24000B0FZZH1)
Add component (AddParameter): Name = "Case/Package"; Value = ""; VariantName = "[No Variations]"
Add component (AddParameter): Name = "Datasheet Link"; Value = "https://ele.kyocera.com/assets/products/crystal-device/specification/CX2016FB_6pF.pdf"; VariantName = "[No Variations]"
Add component (AddParameter): Name = "Design Item ID"; Value = "CX2016FB24000B0FZZH1"; VariantName = "[No Variations]"
Add component (AddParameter): Name = "ESR"; Value = ""; VariantName = "[No Variations]"
Add component (AddParameter): Name = "Frequency"; Value = ""; VariantName = "[No Variations]"
Add component (AddParameter): Name = "Geometry.Height"; Value = "0.55mm"; VariantName = "[No Variations]"
Add component (AddParameter): Name = "Load Capacitance"; Value = ""; VariantName = "[No Variations]"
Add component (AddParameter): Name = "Manufacturer_Name"; Value = "Kyocera AVX"; VariantName = "[No Variations]"
Add component (AddParameter): Name = "Manufacturer_Part_Number"; Value = "CX2016FB24000B0FZZH1"; VariantName = "[No Variations]"
Add component (AddParameter): Name = "Max Operating Temperature"; Value = ""; VariantName = "[No Variations]"
Add component (AddParameter): Name = "Min Operating Temperature"; Value = ""; VariantName = "[No Variations]"
Add component (AddParameter): Name = "Mounting Technology"; Value = ""; VariantName = "[No Variations]"
Add component (AddParameter): Name = "Mouser Part Number"; Value = ""; VariantName = "[No Variations]"
Add component (AddParameter): Name = "Mouser Price/Stock"; Value = ""; VariantName = "[No Variations]"
Add component (AddParameter): Name = "Pins"; Value = ""; VariantName = "[No Variations]"
Add component (AddParameter): Name = "RoHS Compliant"; Value = ""; VariantName = "[No Variations]"
Add component (AddParameter): Name = "Source"; Value = "CX2016FB24000B0FZZH1.SchLib"; VariantName = "[No Variations]"
Added Component: Designator=X2(DS01C254S03BE)
Add component (AddParameter): Name = "Case/Package"; Value = ""; VariantName = "[No Variations]"
Add component (AddParameter): Name = "Current Rating"; Value = ""; VariantName = "[No Variations]"
Add component (AddParameter): Name = "Datasheet Link"; Value = "https://www.sameskydevices.com/product/resource/DS01C-254-S-03BE.pdf"; VariantName = "[No Variations]"
Add component (AddParameter): Name = "Design Item ID"; Value = "DS01C-254-S-03BE"; VariantName = "[No Variations]"
Add component (AddParameter): Name = "Geometry.Height"; Value = "7mm"; VariantName = "[No Variations]"
Add component (AddParameter): Name = "Manufacturer_Name"; Value = "Same Sky"; VariantName = "[No Variations]"
Add component (AddParameter): Name = "Manufacturer_Part_Number"; Value = "DS01C-254-S-03BE"; VariantName = "[No Variations]"
Add component (AddParameter): Name = "Max Current Rating"; Value = ""; VariantName = "[No Variations]"
Add component (AddParameter): Name = "Max Operating Temperature"; Value = ""; VariantName = "[No Variations]"
Add component (AddParameter): Name = "Min Operating Temperature"; Value = ""; VariantName = "[No Variations]"
Add component (AddParameter): Name = "Mounting Technology"; Value = ""; VariantName = "[No Variations]"
Add component (AddParameter): Name = "Mouser Part Number"; Value = "490-DS01C-254-S-03BE"; VariantName = "[No Variations]"
Add component (AddParameter): Name = "Mouser Price/Stock"; Value = "https://www.mouser.co.uk/ProductDetail/CUI-Devices/DS01C-254-S-03BE?qs=wnTfsH77Xs7A4kzYuxObfg%3D%3D"; VariantName = "[No Variations]"
Add component (AddParameter): Name = "Pins"; Value = ""; VariantName = "[No Variations]"
Add component (AddParameter): Name = "RoHS Compliant"; Value = ""; VariantName = "[No Variations]"
Add component (AddParameter): Name = "Source"; Value = "DS01C-254-S-03BE.SchLib"; VariantName = "[No Variations]"
Add component (AddParameter): Name = "Throw Configuration"; Value = ""; VariantName = "[No Variations]"
Add component (AddParameter): Name = "Voltage Rating"; Value = ""; VariantName = "[No Variations]"
Added Pin To Net: NetName=+3v3 Pin=C1-2
Added Pin To Net: NetName=+3v3 Pin=C2-2
Added Pin To Net: NetName=+3v3 Pin=C3-2
Added Pin To Net: NetName=+3v3 Pin=C4-2
Added Pin To Net: NetName=+3v3 Pin=C5-2
Added Pin To Net: NetName=+3v3 Pin=C6-2
Added Pin To Net: NetName=+3v3 Pin=C7-2
Added Pin To Net: NetName=+3v3 Pin=C15-2
Added Pin To Net: NetName=+3v3 Pin=C16-2
Added Pin To Net: NetName=+3v3 Pin=C21-1
Added Pin To Net: NetName=+3v3 Pin=C22-1
Added Pin To Net: NetName=+3v3 Pin=C23-1
Added Pin To Net: NetName=+3v3 Pin=C24-1
Added Pin To Net: NetName=+3v3 Pin=DMUX1-16
Added Pin To Net: NetName=+3v3 Pin=DRV1-4
Added Pin To Net: NetName=+3v3 Pin=DRV2-4
Added Pin To Net: NetName=+3v3 Pin=J1-5
Added Pin To Net: NetName=+3v3 Pin=J2-5
Added Pin To Net: NetName=+3v3 Pin=J3-3
Added Pin To Net: NetName=+3v3 Pin=J4-1
Added Pin To Net: NetName=+3v3 Pin=R3-1
Added Pin To Net: NetName=+3v3 Pin=R8-2
Added Pin To Net: NetName=+3v3 Pin=R27-2
Added Pin To Net: NetName=+3v3 Pin=R28-2
Added Pin To Net: NetName=+3v3 Pin=R29-2
Added Pin To Net: NetName=+3v3 Pin=R30-2
Added Pin To Net: NetName=+3v3 Pin=R31-2
Added Pin To Net: NetName=+3v3 Pin=R32-2
Added Pin To Net: NetName=+3v3 Pin=SW1-B1
Added Pin To Net: NetName=+3v3 Pin=SW1-B2
Added Pin To Net: NetName=+3v3 Pin=SW2-B1
Added Pin To Net: NetName=+3v3 Pin=SW2-B2
Added Pin To Net: NetName=+3v3 Pin=U1-1
Added Pin To Net: NetName=+3v3 Pin=U1-20
Added Pin To Net: NetName=+3v3 Pin=U1-21
Added Pin To Net: NetName=+3v3 Pin=U1-24
Added Pin To Net: NetName=+3v3 Pin=U1-36
Added Pin To Net: NetName=+3v3 Pin=U1-48
Added Pin To Net: NetName=+3v3 Pin=U2-5
Added Pin To Net: NetName=+3v3 Pin=U3-5
Added Pin To Net: NetName=+3v3 Pin=U3-8
Added Pin To Net: NetName=+3v3 Pin=U4-1
Added Pin To Net: NetName=+3v3 Pin=X2-1
Added Pin To Net: NetName=+3v3 Pin=X2-3
Added Pin To Net: NetName=+3v3 Pin=X2-5
Added Net: Name=+3v3
Added Pin To Net: NetName=+5v Pin=C13-2
Added Pin To Net: NetName=+5v Pin=C14-2
Added Pin To Net: NetName=+5v Pin=R6-2
Added Pin To Net: NetName=+5v Pin=R9-2
Added Pin To Net: NetName=+5v Pin=R12-2
Added Pin To Net: NetName=+5v Pin=R15-2
Added Pin To Net: NetName=+5v Pin=R18-2
Added Pin To Net: NetName=+5v Pin=R21-2
Added Pin To Net: NetName=+5v Pin=R24-2
Added Pin To Net: NetName=+5v Pin=U2-1
Added Pin To Net: NetName=+5v Pin=U2-3
Added Pin To Net: NetName=+5v Pin=VR1-3
Added Net: Name=+5v
Added Pin To Net: NetName=5v_FB Pin=R6-1
Added Pin To Net: NetName=5v_FB Pin=R7-2
Added Pin To Net: NetName=5v_FB Pin=VR1-7
Added Net: Name=5v_FB
Added Pin To Net: NetName=A_1 Pin=IR1-2
Added Pin To Net: NetName=A_1 Pin=R9-1
Added Net: Name=A_1
Added Pin To Net: NetName=A_2 Pin=IR2-2
Added Pin To Net: NetName=A_2 Pin=R12-1
Added Net: Name=A_2
Added Pin To Net: NetName=A_3 Pin=IR3-2
Added Pin To Net: NetName=A_3 Pin=R15-1
Added Net: Name=A_3
Added Pin To Net: NetName=A_4 Pin=IR4-2
Added Pin To Net: NetName=A_4 Pin=R18-1
Added Net: Name=A_4
Added Pin To Net: NetName=A_5 Pin=IR5-2
Added Pin To Net: NetName=A_5 Pin=R21-1
Added Net: Name=A_5
Added Pin To Net: NetName=A_6 Pin=IR6-2
Added Pin To Net: NetName=A_6 Pin=R24-1
Added Net: Name=A_6
Added Pin To Net: NetName=BTN_1 Pin=C23-2
Added Pin To Net: NetName=BTN_1 Pin=R36-2
Added Pin To Net: NetName=BTN_1 Pin=SW1-A1
Added Pin To Net: NetName=BTN_1 Pin=SW1-A2
Added Pin To Net: NetName=BTN_1 Pin=U1-41
Added Net: Name=BTN_1
Added Pin To Net: NetName=BTN_2 Pin=C24-2
Added Pin To Net: NetName=BTN_2 Pin=R37-2
Added Pin To Net: NetName=BTN_2 Pin=SW2-A1
Added Pin To Net: NetName=BTN_2 Pin=SW2-A2
Added Pin To Net: NetName=BTN_2 Pin=U1-27
Added Net: Name=BTN_2
Added Pin To Net: NetName=DIP_1 Pin=R35-2
Added Pin To Net: NetName=DIP_1 Pin=U1-2
Added Pin To Net: NetName=DIP_1 Pin=X2-2
Added Net: Name=DIP_1
Added Pin To Net: NetName=DIP_2 Pin=R34-2
Added Pin To Net: NetName=DIP_2 Pin=U1-3
Added Pin To Net: NetName=DIP_2 Pin=X2-4
Added Net: Name=DIP_2
Added Pin To Net: NetName=DIP_3 Pin=R33-2
Added Pin To Net: NetName=DIP_3 Pin=U1-4
Added Pin To Net: NetName=DIP_3 Pin=X2-6
Added Net: Name=DIP_3
Added Pin To Net: NetName=DMUX_A0 Pin=DMUX1-1
Added Pin To Net: NetName=DMUX_A0 Pin=U1-42
Added Net: Name=DMUX_A0
Added Pin To Net: NetName=DMUX_A1 Pin=DMUX1-2
Added Pin To Net: NetName=DMUX_A1 Pin=U1-44
Added Net: Name=DMUX_A1
Added Pin To Net: NetName=DMUX_A2 Pin=DMUX1-3
Added Pin To Net: NetName=DMUX_A2 Pin=U1-46
Added Net: Name=DMUX_A2
Added Pin To Net: NetName=DMUX_EN Pin=DMUX1-6
Added Pin To Net: NetName=DMUX_EN Pin=U1-22
Added Net: Name=DMUX_EN
Added Pin To Net: NetName=E_A_L Pin=J1-3
Added Pin To Net: NetName=E_A_L Pin=U1-8
Added Net: Name=E_A_L
Added Pin To Net: NetName=E_A_R Pin=J2-3
Added Pin To Net: NetName=E_A_R Pin=U1-43
Added Net: Name=E_A_R
Added Pin To Net: NetName=E_B_L Pin=J1-4
Added Pin To Net: NetName=E_B_L Pin=U1-9
Added Net: Name=E_B_L
Added Pin To Net: NetName=E_B_R Pin=J2-4
Added Pin To Net: NetName=E_B_R Pin=U1-34
Added Net: Name=E_B_R
Added Pin To Net: NetName=G_1 Pin=Q1-1
Added Pin To Net: NetName=G_1 Pin=R10-2
Added Pin To Net: NetName=G_1 Pin=R11-2
Added Net: Name=G_1
Added Pin To Net: NetName=G_2 Pin=Q2-1
Added Pin To Net: NetName=G_2 Pin=R13-2
Added Pin To Net: NetName=G_2 Pin=R14-2
Added Net: Name=G_2
Added Pin To Net: NetName=G_3 Pin=Q3-1
Added Pin To Net: NetName=G_3 Pin=R16-2
Added Pin To Net: NetName=G_3 Pin=R17-2
Added Net: Name=G_3
Added Pin To Net: NetName=G_4 Pin=Q4-1
Added Pin To Net: NetName=G_4 Pin=R19-2
Added Pin To Net: NetName=G_4 Pin=R20-2
Added Net: Name=G_4
Added Pin To Net: NetName=G_5 Pin=Q5-1
Added Pin To Net: NetName=G_5 Pin=R22-2
Added Pin To Net: NetName=G_5 Pin=R23-2
Added Net: Name=G_5
Added Pin To Net: NetName=G_6 Pin=Q6-1
Added Pin To Net: NetName=G_6 Pin=R25-2
Added Pin To Net: NetName=G_6 Pin=R26-2
Added Net: Name=G_6
Added Pin To Net: NetName=GND Pin=C1-1
Added Pin To Net: NetName=GND Pin=C2-1
Added Pin To Net: NetName=GND Pin=C3-1
Added Pin To Net: NetName=GND Pin=C4-1
Added Pin To Net: NetName=GND Pin=C5-1
Added Pin To Net: NetName=GND Pin=C6-1
Added Pin To Net: NetName=GND Pin=C7-1
Added Pin To Net: NetName=GND Pin=C8-1
Added Pin To Net: NetName=GND Pin=C9-1
Added Pin To Net: NetName=GND Pin=C10-2
Added Pin To Net: NetName=GND Pin=C11-1
Added Pin To Net: NetName=GND Pin=C12-1
Added Pin To Net: NetName=GND Pin=C13-1
Added Pin To Net: NetName=GND Pin=C14-1
Added Pin To Net: NetName=GND Pin=C15-1
Added Pin To Net: NetName=GND Pin=C16-1
Added Pin To Net: NetName=GND Pin=C17-2
Added Pin To Net: NetName=GND Pin=C18-2
Added Pin To Net: NetName=GND Pin=C19-1
Added Pin To Net: NetName=GND Pin=C20-1
Added Pin To Net: NetName=GND Pin=C21-2
Added Pin To Net: NetName=GND Pin=C22-2
Added Pin To Net: NetName=GND Pin=D1-1
Added Pin To Net: NetName=GND Pin=D2-1
Added Pin To Net: NetName=GND Pin=D3-1
Added Pin To Net: NetName=GND Pin=D4-1
Added Pin To Net: NetName=GND Pin=D5-1
Added Pin To Net: NetName=GND Pin=D6-1
Added Pin To Net: NetName=GND Pin=D7-K
Added Pin To Net: NetName=GND Pin=DMUX1-4
Added Pin To Net: NetName=GND Pin=DMUX1-5
Added Pin To Net: NetName=GND Pin=DMUX1-8
Added Pin To Net: NetName=GND Pin=DRV1-1
Added Pin To Net: NetName=GND Pin=DRV1-7
Added Pin To Net: NetName=GND Pin=DRV1-9
Added Pin To Net: NetName=GND Pin=DRV2-1
Added Pin To Net: NetName=GND Pin=DRV2-7
Added Pin To Net: NetName=GND Pin=DRV2-9
Added Pin To Net: NetName=GND Pin=J1-6
Added Pin To Net: NetName=GND Pin=J2-6
Added Pin To Net: NetName=GND Pin=J3-5
Added Pin To Net: NetName=GND Pin=J3-7
Added Pin To Net: NetName=GND Pin=J3-11
Added Pin To Net: NetName=GND Pin=J4-2
Added Pin To Net: NetName=GND Pin=J5-2
Added Pin To Net: NetName=GND Pin=Q1-2
Added Pin To Net: NetName=GND Pin=Q2-2
Added Pin To Net: NetName=GND Pin=Q3-2
Added Pin To Net: NetName=GND Pin=Q4-2
Added Pin To Net: NetName=GND Pin=Q5-2
Added Pin To Net: NetName=GND Pin=Q6-2
Added Pin To Net: NetName=GND Pin=R2-1
Added Pin To Net: NetName=GND Pin=R5-1
Added Pin To Net: NetName=GND Pin=R7-1
Added Pin To Net: NetName=GND Pin=R11-1
Added Pin To Net: NetName=GND Pin=R14-1
Added Pin To Net: NetName=GND Pin=R17-1
Added Pin To Net: NetName=GND Pin=R20-1
Added Pin To Net: NetName=GND Pin=R23-1
Added Pin To Net: NetName=GND Pin=R26-1
Added Pin To Net: NetName=GND Pin=R33-1
Added Pin To Net: NetName=GND Pin=R34-1
Added Pin To Net: NetName=GND Pin=R35-1
Added Pin To Net: NetName=GND Pin=R36-1
Added Pin To Net: NetName=GND Pin=R37-1
Added Pin To Net: NetName=GND Pin=U1-19
Added Pin To Net: NetName=GND Pin=U1-23
Added Pin To Net: NetName=GND Pin=U1-35
Added Pin To Net: NetName=GND Pin=U1-47
Added Pin To Net: NetName=GND Pin=U2-2
Added Pin To Net: NetName=GND Pin=U3-2
Added Pin To Net: NetName=GND Pin=U3-3
Added Pin To Net: NetName=GND Pin=U3-6
Added Pin To Net: NetName=GND Pin=U3-7
Added Pin To Net: NetName=GND Pin=U4-3
Added Pin To Net: NetName=GND Pin=VR1-4
Added Pin To Net: NetName=GND Pin=X1-2
Added Pin To Net: NetName=GND Pin=X1-4
Added Net: Name=GND
Added Pin To Net: NetName=IMU_CS Pin=U1-12
Added Pin To Net: NetName=IMU_CS Pin=U3-12
Added Net: Name=IMU_CS
Added Pin To Net: NetName=IMU_INT2 Pin=U1-16
Added Pin To Net: NetName=IMU_INT2 Pin=U3-9
Added Net: Name=IMU_INT2
Added Pin To Net: NetName=IMU_MISO Pin=U1-14
Added Pin To Net: NetName=IMU_MISO Pin=U3-1
Added Net: Name=IMU_MISO
Added Pin To Net: NetName=IMU_MOSI Pin=U1-15
Added Pin To Net: NetName=IMU_MOSI Pin=U3-14
Added Net: Name=IMU_MOSI
Added Pin To Net: NetName=IMU_SCK Pin=U1-13
Added Pin To Net: NetName=IMU_SCK Pin=U3-13
Added Net: Name=IMU_SCK
Added Pin To Net: NetName=IN_1_L Pin=DRV1-3
Added Pin To Net: NetName=IN_1_L Pin=U1-30
Added Net: Name=IN_1_L
Added Pin To Net: NetName=IN_1_R Pin=DRV2-3
Added Pin To Net: NetName=IN_1_R Pin=U1-32
Added Net: Name=IN_1_R
Added Pin To Net: NetName=IN_2_L Pin=DRV1-2
Added Pin To Net: NetName=IN_2_L Pin=U1-31
Added Net: Name=IN_2_L
Added Pin To Net: NetName=IN_2_R Pin=DRV2-2
Added Pin To Net: NetName=IN_2_R Pin=U1-33
Added Net: Name=IN_2_R
Added Pin To Net: NetName=IR_EM_1 Pin=DMUX1-15
Added Pin To Net: NetName=IR_EM_1 Pin=R10-1
Added Net: Name=IR_EM_1
Added Pin To Net: NetName=IR_EM_2 Pin=DMUX1-14
Added Pin To Net: NetName=IR_EM_2 Pin=R13-1
Added Net: Name=IR_EM_2
Added Pin To Net: NetName=IR_EM_3 Pin=DMUX1-13
Added Pin To Net: NetName=IR_EM_3 Pin=R16-1
Added Net: Name=IR_EM_3
Added Pin To Net: NetName=IR_EM_4 Pin=DMUX1-12
Added Pin To Net: NetName=IR_EM_4 Pin=R19-1
Added Net: Name=IR_EM_4
Added Pin To Net: NetName=IR_EM_5 Pin=DMUX1-11
Added Pin To Net: NetName=IR_EM_5 Pin=R22-1
Added Net: Name=IR_EM_5
Added Pin To Net: NetName=IR_EM_6 Pin=DMUX1-10
Added Pin To Net: NetName=IR_EM_6 Pin=R25-1
Added Net: Name=IR_EM_6
Added Pin To Net: NetName=IR_REC_1 Pin=D1-2
Added Pin To Net: NetName=IR_REC_1 Pin=R27-1
Added Pin To Net: NetName=IR_REC_1 Pin=U1-18
Added Net: Name=IR_REC_1
Added Pin To Net: NetName=IR_REC_2 Pin=D2-2
Added Pin To Net: NetName=IR_REC_2 Pin=R28-1
Added Pin To Net: NetName=IR_REC_2 Pin=U1-17
Added Net: Name=IR_REC_2
Added Pin To Net: NetName=IR_REC_3 Pin=D3-2
Added Pin To Net: NetName=IR_REC_3 Pin=R29-1
Added Pin To Net: NetName=IR_REC_3 Pin=U1-25
Added Net: Name=IR_REC_3
Added Pin To Net: NetName=IR_REC_4 Pin=D4-2
Added Pin To Net: NetName=IR_REC_4 Pin=R30-1
Added Pin To Net: NetName=IR_REC_4 Pin=U1-26
Added Net: Name=IR_REC_4
Added Pin To Net: NetName=IR_REC_5 Pin=D5-2
Added Pin To Net: NetName=IR_REC_5 Pin=R31-1
Added Pin To Net: NetName=IR_REC_5 Pin=U1-28
Added Net: Name=IR_REC_5
Added Pin To Net: NetName=IR_REC_6 Pin=D6-2
Added Pin To Net: NetName=IR_REC_6 Pin=R32-1
Added Pin To Net: NetName=IR_REC_6 Pin=U1-29
Added Net: Name=IR_REC_6
Added Pin To Net: NetName=K_1 Pin=IR1-1
Added Pin To Net: NetName=K_1 Pin=Q1-3
Added Net: Name=K_1
Added Pin To Net: NetName=K_2 Pin=IR2-1
Added Pin To Net: NetName=K_2 Pin=Q2-3
Added Net: Name=K_2
Added Pin To Net: NetName=K_3 Pin=IR3-1
Added Pin To Net: NetName=K_3 Pin=Q3-3
Added Net: Name=K_3
Added Pin To Net: NetName=K_4 Pin=IR4-1
Added Pin To Net: NetName=K_4 Pin=Q4-3
Added Net: Name=K_4
Added Pin To Net: NetName=K_5 Pin=IR5-1
Added Pin To Net: NetName=K_5 Pin=Q5-3
Added Net: Name=K_5
Added Pin To Net: NetName=K_6 Pin=IR6-1
Added Pin To Net: NetName=K_6 Pin=Q6-3
Added Net: Name=K_6
Added Pin To Net: NetName=LED_IN Pin=U1-39
Added Pin To Net: NetName=LED_IN Pin=U4-4
Added Net: Name=LED_IN
Added Pin To Net: NetName=MCU_BOOT0 Pin=R2-2
Added Pin To Net: NetName=MCU_BOOT0 Pin=U1-45
Added Net: Name=MCU_BOOT0
Added Pin To Net: NetName=MCU_NRST Pin=C10-1
Added Pin To Net: NetName=MCU_NRST Pin=J3-12
Added Pin To Net: NetName=MCU_NRST Pin=R3-2
Added Pin To Net: NetName=MCU_NRST Pin=U1-7
Added Net: Name=MCU_NRST
Added Pin To Net: NetName=MCU_OSC_IN Pin=C8-2
Added Pin To Net: NetName=MCU_OSC_IN Pin=U1-5
Added Pin To Net: NetName=MCU_OSC_IN Pin=X1-1
Added Net: Name=MCU_OSC_IN
Added Pin To Net: NetName=MCU_OSC_OUT Pin=R1-2
Added Pin To Net: NetName=MCU_OSC_OUT Pin=U1-6
Added Net: Name=MCU_OSC_OUT
Added Pin To Net: NetName=MCU_SWCLK Pin=J3-6
Added Pin To Net: NetName=MCU_SWCLK Pin=U1-38
Added Net: Name=MCU_SWCLK
Added Pin To Net: NetName=MCU_SWDIO Pin=J3-4
Added Pin To Net: NetName=MCU_SWDIO Pin=U1-37
Added Net: Name=MCU_SWDIO
Added Pin To Net: NetName=MCU_SWO Pin=J3-8
Added Pin To Net: NetName=MCU_SWO Pin=U1-40
Added Net: Name=MCU_SWO
Added Pin To Net: NetName=ON_LED Pin=D7-A
Added Pin To Net: NetName=ON_LED Pin=R8-1
Added Net: Name=ON_LED
Added Pin To Net: NetName=OUT_1_L Pin=DRV1-6
Added Pin To Net: NetName=OUT_1_L Pin=J1-1
Added Net: Name=OUT_1_L
Added Pin To Net: NetName=OUT_1_R Pin=DRV2-6
Added Pin To Net: NetName=OUT_1_R Pin=J2-1
Added Net: Name=OUT_1_R
Added Pin To Net: NetName=OUT_2_L Pin=DRV1-8
Added Pin To Net: NetName=OUT_2_L Pin=J1-2
Added Net: Name=OUT_2_L
Added Pin To Net: NetName=OUT_2_R Pin=DRV2-8
Added Pin To Net: NetName=OUT_2_R Pin=J2-2
Added Net: Name=OUT_2_R
Added Pin To Net: NetName=UART_RX Pin=J3-13
Added Pin To Net: NetName=UART_RX Pin=J4-3
Added Pin To Net: NetName=UART_RX Pin=U1-11
Added Net: Name=UART_RX
Added Pin To Net: NetName=UART_TX Pin=J3-14
Added Pin To Net: NetName=UART_TX Pin=J4-4
Added Pin To Net: NetName=UART_TX Pin=U1-10
Added Net: Name=UART_TX
Added Pin To Net: NetName=VBAT Pin=C17-1
Added Pin To Net: NetName=VBAT Pin=C18-1
Added Pin To Net: NetName=VBAT Pin=C19-2
Added Pin To Net: NetName=VBAT Pin=C20-2
Added Pin To Net: NetName=VBAT Pin=DRV1-5
Added Pin To Net: NetName=VBAT Pin=DRV2-5
Added Pin To Net: NetName=VBAT Pin=J5-1
Added Pin To Net: NetName=VBAT Pin=S1-3
Added Net: Name=VBAT
Added Pin To Net: NetName=VBAT_SW Pin=C11-2
Added Pin To Net: NetName=VBAT_SW Pin=C12-2
Added Pin To Net: NetName=VBAT_SW Pin=R4-2
Added Pin To Net: NetName=VBAT_SW Pin=S1-2
Added Pin To Net: NetName=VBAT_SW Pin=VR1-1
Added Net: Name=VBAT_SW
Added Pin To Net: NetName=VDIV Pin=R4-1
Added Pin To Net: NetName=VDIV Pin=R5-2
Added Pin To Net: NetName=VDIV Pin=VR1-6
Added Net: Name=VDIV
Added Pin To Net: NetName=XTAL_IN Pin=C9-2
Added Pin To Net: NetName=XTAL_IN Pin=R1-1
Added Pin To Net: NetName=XTAL_IN Pin=X1-3
Added Net: Name=XTAL_IN
Added Rule: Name=Schematic Supply Nets
Added Rule: Name=Schematic Supply Nets_1
Added Rule: Name=Schematic Supply Nets_2
Added Rule: Name=Schematic Supply Nets_3
